A133KTF83001,Deep Purple Studded Collar Top,http://zovi.com/womens-t-shirts-and-casual-tops?misc_ref_code=hp_seo_text,479,CASUAL TOPS,womens-t-shirts-and-casual-tops,zovi,http://d1n7si5t7mlegv.cloudfront.net/z/prod/w/2/g/p/A133KTF83001/1_c.jpg,479,purple,Women,http://zovi.com/deep-purple-studded-collar-top--A133KTF83001,zovi.com,Zovi Deep Purple Studded Collar Top - Zovi Womens T Shirts And Casual Tops,Zovi Deep Purple Studded Collar Top - Zovi Womens T Shirts And Casual Tops - Free Shipping. Easy Exchange. 30 Days Returns. Cash on Delivery.,['XS'  'S'  'M'  'L'  'XL'  'XXL'],<section id="product-detail"> <h2 id="product-title">Deep Purple Studded Collar Top</h2> <p>Get back to the basics with a studded twist. This casual yet à la mode top in deep purple  features long sleeves along with a stuuded aesthetically modified collar. Party on along with a pair of skinny distressed jeans and hot stilettos. </p><br>Fabric: 100% Viscose</br>Model Statistics: Height - 177 cm / 5 ft. 8 inches<br>Bust - 84 cm / 33 inches<br>Waist - 71 cm / 28 inches<br>Model is wearing size S <label class="care"> Care Instructions<span class="down-arrow"></span> <section id="washcare"> <ul> <li>Warm wash under 30 C</li> <li>Do not bleach</li> <li>Do not dry clean</li> <li>Do not tumble dry</li> <li>Dry Flat in shade</li> <li>Warm Iron</li> <li>Do not wring</li> </ul> </section> </label> </br></br></br></section>,,14:04:2014,
S143KTF04A01,Carmine Rose And Black Colour Block Cape Top,http://zovi.com/womens-t-shirts-and-casual-tops?misc_ref_code=hp_seo_text,399,CASUAL TOPS,womens-t-shirts-and-casual-tops,zovi,http://d1yvqnuw46gd8y.cloudfront.net/z/prod/w/2/g/p/S143KTF04A01/1_c.jpg,399,pink,Women,http://zovi.com/carmine-rose-and-black-colour-block-cape-top--S143KTF04A01,zovi.com,Zovi Carmine Rose And Black Colour Block Cape Top - Zovi Womens T Shirts And Casual Tops,Zovi Carmine Rose And Black Colour Block Cape Top - Zovi Womens T Shirts And Casual Tops - Free Shipping. Easy Exchange. 30 Days Returns. Cash on Delivery.,['M-L'  'XS-S'  'XL-XXL'],<section id="product-detail"> <h2 id="product-title">Carmine Rose And Black Colour Block Cape Top</h2> <p>Back to the basics with an ultimate twist. This carmine rose top has a black colour block around the neck  and short cape sleeves. Party on along with a pair of skinny distressed jeans and hot stilettos. </p><br>Fabric: 100% Viscose</br>Model Statistics: Height - 177 cm / 5 ft. 8 inches<br>Bust - 84 cm / 33 inches<br>Waist - 71 cm / 28 inches<br>Model is wearing size S <label class="care"> Care Instructions<span class="down-arrow"></span> <section id="washcare"> <ul> <li>Warm wash under 30 C</li> <li>Do not bleach</li> <li>Do not dry clean</li> <li>Do not tumble dry</li> <li>Dry Flat in shade</li> <li>Warm Iron</li> <li>Do not wring</li> </ul> </section> </label> </br></br></br></section>,,14:04:2014,
A133KTF82C01,Black Iris Cowl Neck Full Sleeves Top,http://zovi.com/womens-t-shirts-and-casual-tops?misc_ref_code=hp_seo_text,549,CASUAL TOPS,womens-t-shirts-and-casual-tops,zovi,http://d1yvqnuw46gd8y.cloudfront.net/z/prod/w/2/g/p/A133KTF82C01/6_c.jpg,549,black,Women,http://zovi.com/black-iris-cowl-neck-full-sleeves-top--A133KTF82C01,zovi.com,Zovi Black Iris Cowl Neck Full Sleeves Top - Zovi Womens T Shirts And Casual Tops,Zovi Black Iris Cowl Neck Full Sleeves Top - Zovi Womens T Shirts And Casual Tops - Free Shipping. Easy Exchange. 30 Days Returns. Cash on Delivery.,['L'  'XL'  'XXL'],<section id="product-detail"> <h2 id="product-title">Black Iris Cowl Neck Full Sleeves Top</h2> <p> Somber or vivid  no matter what your style quotient is  here is a becoming black iris top  styled with full fitted sleeves  gathers along the side and a cowl neck. Combine this with skinny printed pants and a bejeweled clutch to make headlines. </p><br>Fabric: 100% Viscose </br>Model Statistics: Height - 173cm / 5.7 inches<br>Bust - 86cm / 34 inches<br>Waist - 63cm / 25 inches<br>Model is wearing size S <label class="care"> Care Instructions<span class="down-arrow"></span> <section id="washcare"> <ul> <li>Warm wash under 30 C</li> <li>Do not bleach</li> <li>Do not dry clean</li> <li>Do not tumble dry</li> <li>Dry Flat in shade</li> <li>Warm Iron</li> <li>Do not wring</li> </ul> </section> </label> </br></br></br></section>,,14:04:2014,
S133KTF80D01,Sea Green Layered Frill Top,http://zovi.com/womens-t-shirts-and-casual-tops?misc_ref_code=hp_seo_text,479,CASUAL TOPS,womens-t-shirts-and-casual-tops,zovi,http://d1yvqnuw46gd8y.cloudfront.net/z/prod/w/2/g/p/S133KTF80D01/8_c.jpg,479,green,Women,http://zovi.com/sea-green-layered-frill-top--S133KTF80D01,zovi.com,Zovi Sea Green Layered Frill Top - Zovi Womens T Shirts And Casual Tops,Zovi Sea Green Layered Frill Top - Zovi Womens T Shirts And Casual Tops - Free Shipping. Easy Exchange. 30 Days Returns. Cash on Delivery.,['XS'  'S'  'M'  'L'  'XL'  'XXL'],<section id="product-detail"> <h2 id="product-title">Sea Green Layered Frill Top</h2> <p>A sea green easy top with stylish frills. The knit top has a perfect fit and layered frills with scoop round neck. Wear the top with skinny jeans or hot pants and wedges.</p><b>Fabric: 100% Viscose</b><br>Fit: Semi-Fitted</br>Model Statistics: Height - 176cm / 5.8 inches<br>Bust - 81 cm / 32 inches<br>Waist - 62.3cm / 24.5 inches<br>Model is wearing size XS <label class="care"> Care Instructions<span class="down-arrow"></span> <section id="washcare"> <ul> <li>Warm wash under 30 C</li> <li>Do not bleach</li> <li>Do not dry clean</li> <li>Do not tumble dry</li> <li>Dry Flat in shade</li> <li>Warm Iron</li> <li>Do not wring</li> </ul> </section> </label> </br></br></br></section>,,14:04:2014,
S133KTF40703,Black Long Top With Leaf Print,http://zovi.com/womens-t-shirts-and-casual-tops?misc_ref_code=hp_seo_text,399,CASUAL TOPS,womens-t-shirts-and-casual-tops,zovi,http://d2zfu6byxx4psc.cloudfront.net/z/prod/w/2/g/p/S133KTF40703/6_c.jpg,399,black,Women,http://zovi.com/black-long-top-with-leaf-print--S133KTF40703,zovi.com,Zovi Black Long Top With Leaf Print - Zovi Womens T Shirts And Casual Tops,Zovi Black Long Top With Leaf Print - Zovi Womens T Shirts And Casual Tops - Free Shipping. Easy Exchange. 30 Days Returns. Cash on Delivery.,['XS'  'S'  'M'  'L'  'XL'  'XXL'],<section id="product-detail"> <h2 id="product-title">Black Long Top With Leaf Print</h2> <p> A casual black top with funky silver printed leaves can be the next addition to your college wardrobe. It is a semi-fitted top that flows effortlessly. The loose and broad shoulders have a black band with a single button that adds gathers. Team it with red trousers and a tote. </p><br>Fabric: 100% Viscose </br>Model Statistics: Height - 175 cm / 5 ft. 7 inches<br>Bust - 83 cm / 33 inches<br>Waist - 58 cm / 23 inches<br>Model is wearing size XS <label class="care"> Care Instructions<span class="down-arrow"></span> <section id="washcare"> <ul> <li>Warm wash under 30 C</li> <li>Do not bleach</li> <li>Do not dry clean</li> <li>Do not tumble dry</li> <li>Dry Flat in shade</li> <li>Warm Iron</li> <li>Do not wring</li> </ul> </section> </label> </br></br></br></section>,,14:04:2014,
A133KTF82501,Ruffle Neck Tie-up Lengthy Sleevless Black Top,http://zovi.com/womens-t-shirts-and-casual-tops?misc_ref_code=hp_seo_text,479,CASUAL TOPS,womens-t-shirts-and-casual-tops,zovi,http://d1n7si5t7mlegv.cloudfront.net/z/prod/w/2/g/p/A133KTF82501/1_c.jpg,479,black,Women,http://zovi.com/ruffle-neck-tie-up-lengthy-sleevless-black-top--A133KTF82501,zovi.com,Zovi Ruffle Neck Tie-up Lengthy Sleevless Black Top - Zovi Womens T Shirts And Casual Tops,Zovi Ruffle Neck Tie-up Lengthy Sleevless Black Top - Zovi Womens T Shirts And Casual Tops - Free Shipping. Easy Exchange. 30 Days Returns. Cash on Delivery.,['XS'  'S'  'M'  'L'],<section id="product-detail"> <h2 id="product-title">Ruffle Neck Tie-up Lengthy Sleevless Black Top</h2> <p> For a cozy dinner date with your BFF  this black semi-fitted blouse will be your best wardrobe addition. This top is sleeveless  has a ruffled round neck with a tie-up facility  a box pleat on the front and an elasticated waist band. Make peppy your gloomy wardrobe by pairing this top with colourful denims and boots. </p><br>Fabric: 100% Viscose </br>Model Statistics: Height - 178 cm / 5 ft. 8 inches<br>Bust - 82.5 cm / 32.5 inches<br>Waist - 68.5 cm / 27 inches<br>Model is wearing size XS <label class="care"> Care Instructions<span class="down-arrow"></span> <section id="washcare"> <ul> <li>Warm wash under 30 C</li> <li>Do not bleach</li> <li>Do not dry clean</li> <li>Do not tumble dry</li> <li>Dry Flat in shade</li> <li>Warm Iron</li> <li>Do not wring</li> </ul> </section> </label> </br></br></br></section>,,14:04:2014,
S143KTF04D01,Blush Pink Side Gathers Top,http://zovi.com/womens-t-shirts-and-casual-tops?misc_ref_code=hp_seo_text,479,CASUAL TOPS,womens-t-shirts-and-casual-tops,zovi,http://d1yvqnuw46gd8y.cloudfront.net/z/prod/w/2/g/p/S143KTF04D01/1_c.jpg,479,pink,Women,http://zovi.com/blush-pink-side-gathers-top--S143KTF04D01,zovi.com,Zovi Blush Pink Side Gathers Top - Zovi Womens T Shirts And Casual Tops,Zovi Blush Pink Side Gathers Top - Zovi Womens T Shirts And Casual Tops - Free Shipping. Easy Exchange. 30 Days Returns. Cash on Delivery.,['S'  'M'  'L'  'XL'  'XXL'],<section id="product-detail"> <h2 id="product-title">Blush Pink Side Gathers Top</h2> <p>Beat this uncertain weather with an outfit sure to be in vogue. This blush pink top features gathers on the sides with an overlap on the front and three-fourth sleeves. Create a fashion rage by combining it with the light blue denims and fancy black kitten heels. </p><br>Fabric: 100% Viscose</br>Model Statistics: Height - 175 cm / 5 ft. 7 inches<br>Bust - 81 cm / 32 inches<br>Waist - 61 cm / 24 inches<br>Model is wearing size XS <label class="care"> Care Instructions<span class="down-arrow"></span> <section id="washcare"> <ul> <li>Warm wash under 30 C</li> <li>Do not bleach</li> <li>Do not dry clean</li> <li>Do not tumble dry</li> <li>Dry Flat in shade</li> <li>Warm Iron</li> <li>Do not wring</li> </ul> </section> </label> </br></br></br></section>,,14:04:2014,
S12CCTF01F01,Disney Mickey One Shoulder,http://zovi.com/womens-t-shirts-and-casual-tops?misc_ref_code=hp_seo_text,479,CASUAL TOPS,womens-t-shirts-and-casual-tops,zovi,http://d1yvqnuw46gd8y.cloudfront.net/z/prod/w/2/g/p/S12CCTF01F01/6_c.jpg,479,grey,Women,http://zovi.com/disney-mickey-one-shoulder--S12CCTF01F01,zovi.com,Zovi Disney Mickey One Shoulder - Zovi Womens T Shirts And Casual Tops,Zovi Disney Mickey One Shoulder - Zovi Womens T Shirts And Casual Tops - Free Shipping. Easy Exchange. 30 Days Returns. Cash on Delivery.,['L'  'XL'],<section id="product-detail"> <h2 id="product-title">Disney Mickey One Shoulder</h2> <p>A grey colour one shoulder top for women. The style definer top features gather detailing at one side and has an overall mickey print. Style the top for capris or linen pants for casual get togethers and stride in style.</p><b>Fabric: 100% Viscose</b> <label class="care"> Care Instructions<span class="down-arrow"></span> <section id="washcare"> <ul> <li>Warm wash under 30 C</li> <li>Do not bleach</li> <li>Do not dry clean</li> <li>Do not tumble dry</li> <li>Dry Flat in shade</li> <li>Warm Iron</li> <li>Do not wring</li> </ul> </section> </label> </section>,,14:04:2014,
S133KTF11103,Sea Green Sleeveless Lace Top,http://zovi.com/womens-t-shirts-and-casual-tops?misc_ref_code=hp_seo_text,399,CASUAL TOPS,womens-t-shirts-and-casual-tops,zovi,http://d1n7si5t7mlegv.cloudfront.net/z/prod/w/2/g/p/S133KTF11103/5_c.jpg,399,green,Women,http://zovi.com/sea-green-sleeveless-lace-top--S133KTF11103,zovi.com,Zovi Sea Green Sleeveless Lace Top - Zovi Womens T Shirts And Casual Tops,Zovi Sea Green Sleeveless Lace Top - Zovi Womens T Shirts And Casual Tops - Free Shipping. Easy Exchange. 30 Days Returns. Cash on Delivery.,['XS'  'S'  'M'  'L'  'XL'],<section id="product-detail"> <h2 id="product-title">Sea Green Sleeveless Lace Top</h2> <p>A trendy sleeveless top in sea green colour featuring intricate lace work at the neck. Style this top with a pair of denims for a trendy day out .</p>Material: 100% Viscose<br>Fit: Semi-Fitted<br> <label class="care"> Care Instructions<span class="down-arrow"></span> <section id="washcare"> <ul> <li>Warm wash under 30 C</li> <li>Do not bleach</li> <li>Do not dry clean</li> <li>Do not tumble dry</li> <li>Dry Flat in shade</li> <li>Warm Iron</li> <li>Do not wring</li> </ul> </section> </label> </br></br></section>,,14:04:2014,
INK3KTW28718,Off-white V-neck Top With Dipped Hem,http://zovi.com/womens-t-shirts-and-casual-tops?misc_ref_code=hp_seo_text,479,CASUAL TOPS,womens-t-shirts-and-casual-tops,zovi,http://d2zfu6byxx4psc.cloudfront.net/z/prod/w/2/g/p/INK3KTW28718/1_c.jpg,479,,Women,http://zovi.com/off-white-v-neck-top-with-dipped-hem--INK3KTW28718,zovi.com,Zovi Off-white V-neck Top With Dipped Hem - Zovi Womens T Shirts And Casual Tops,Zovi Off-white V-neck Top With Dipped Hem - Zovi Womens T Shirts And Casual Tops - Free Shipping. Easy Exchange. 30 Days Returns. Cash on Delivery.,['M'  'L'  'XL'],<section id="product-detail"> <h2 id="product-title">Off-white V-neck Top With Dipped Hem</h2> <p>A stylishly cute v-neck top featuring graphic print at front. This off-white top features short sleeves with tie-up and a dipped bottom hem. Style this chic semi-fitted top with dark blue trousers and canvas shoes for the perfect holiday.</p><b>Fabric: 100% Viscose</b><br>Fit: Semi-Fitted<br>Model Statistics: Height - 175 cm / 5 ft. 9 inches.<br>                           &nbspBust; - 81 cm / 32 inches.<br>                           &nbspWaist; - 61 cm / 24 inches.<br>Model is wearing size S. <label class="care"> Care Instructions<span class="down-arrow"></span> <section id="washcare"> <ul> <li>Warm wash under 30 C</li> <li>Do not bleach</li> <li>Do not dry clean</li> <li>Do not tumble dry</li> <li>Dry Flat in shade</li> <li>Warm Iron</li> <li>Do not wring</li> </ul> </section> </label> </br></br></br></br></br></section>,,14:04:2014,
S143KTF00601,Spanish Red Draped Sleeve Top,http://zovi.com/womens-t-shirts-and-casual-tops?misc_ref_code=hp_seo_text,499,CASUAL TOPS,womens-t-shirts-and-casual-tops,zovi,http://d2zfu6byxx4psc.cloudfront.net/z/prod/w/2/g/p/S143KTF00601/1_c.jpg,499,red,Women,http://zovi.com/spanish-red-draped-sleeve-top--S143KTF00601,zovi.com,Zovi Spanish Red Draped Sleeve Top - Zovi Womens T Shirts And Casual Tops,Zovi Spanish Red Draped Sleeve Top - Zovi Womens T Shirts And Casual Tops - Free Shipping. Easy Exchange. 30 Days Returns. Cash on Delivery.,['XS'  'S'  'M'  'L'  'XL'  'XXL'],<section id="product-detail"> <h2 id="product-title">Spanish Red Draped Sleeve Top</h2> <p>Beat this uncertain weather with an outfit sure to be in vogue. This top in Spanish red has been impeccably designed with an aesthetically modified draped singular sleeve and a is waist length. Create a fashion rage by combining it with dark blue denims and fancy white kitten heels. </p><br>Fabric: 100% Viscose</br>Model Statistics: Height - 175 cm / 5 ft. 7 inches<br>Bust - 81 cm / 32 inches<br>Waist - 61 cm / 24 inches<br>Model is wearing size XS <label class="care"> Care Instructions<span class="down-arrow"></span> <section id="washcare"> <ul> <li>Warm wash under 30 C</li> <li>Do not bleach</li> <li>Do not dry clean</li> <li>Do not tumble dry</li> <li>Dry Flat in shade</li> <li>Warm Iron</li> <li>Do not wring</li> </ul> </section> </label> </br></br></br></section>,,14:04:2014,
S143KTF02901,Plain Jane Blush Pink Top,http://zovi.com/womens-t-shirts-and-casual-tops?misc_ref_code=hp_seo_text,479,CASUAL TOPS,womens-t-shirts-and-casual-tops,zovi,http://d2zfu6byxx4psc.cloudfront.net/z/prod/w/2/g/p/S143KTF02901/1_c.jpg,479,pink,Women,http://zovi.com/plain-jane-blush-pink-top--S143KTF02901,zovi.com,Zovi Plain Jane Blush Pink Top - Zovi Womens T Shirts And Casual Tops,Zovi Plain Jane Blush Pink Top - Zovi Womens T Shirts And Casual Tops - Free Shipping. Easy Exchange. 30 Days Returns. Cash on Delivery.,['XS'  'S'  'M'  'L'  'XL'  'XXL'],<section id="product-detail"> <h2 id="product-title">Plain Jane Blush Pink Top</h2> <p>Beat this uncertain weather with an outfit sure to be in vogue. This Plain Jane blush pink top has been styled with loose pleats on the neckline and short sleeves. Create a fashion rage by combining it with the dark blue denims and fancy black kitten heels. </p><br>Fabric: 100% Viscose</br>Model Statistics: Height - 175 cm / 5 ft. 7 inches<br>Bust - 81 cm / 32 inches<br>Waist - 61 cm / 24 inches<br>Model is wearing size XS <label class="care"> Care Instructions<span class="down-arrow"></span> <section id="washcare"> <ul> <li>Warm wash under 30 C</li> <li>Do not bleach</li> <li>Do not dry clean</li> <li>Do not tumble dry</li> <li>Dry Flat in shade</li> <li>Warm Iron</li> <li>Do not wring</li> </ul> </section> </label> </br></br></br></section>,,14:04:2014,
S133KTF71206,Fuschia Pintucks And Ruffle Top With Frill At Neck And Elasticated Hem,http://zovi.com/womens-t-shirts-and-casual-tops?misc_ref_code=hp_seo_text,439,CASUAL TOPS,womens-t-shirts-and-casual-tops,zovi,http://d1yvqnuw46gd8y.cloudfront.net/z/prod/w/2/g/p/S133KTF71206/4_c.jpg,439,pink,Women,http://zovi.com/fuschia-pintucks-and-ruffle-top-with-frill-at-neck-and-elasticated-hem--S133KTF71206,zovi.com,Zovi Fuschia Pintucks And Ruffle Top With Frill At Neck And Elasticated Hem - Zovi Womens T Shirts And Casual Tops,Zovi Fuschia Pintucks And Ruffle Top With Frill At Neck And Elasticated Hem - Zovi Womens T Shirts And Casual Tops - Free Shipping. Easy Exchange. 30 Days Returns. Cash on Delivery.,['S'  'L'  'XXL'],<section id="product-detail"> <h2 id="product-title">Fuschia Pintucks And Ruffle Top With Frill At Neck And Elasticated Hem</h2> <p>An stylish fuchsia pintuck and ruffle top featuring a round neck and full sleeves. The top features pintuck with metal buttons at placket and frill at neck as well as smoking at shoulders. The top also features elasticated hem and three-fourth sleeves. Pair the top with denims for stylish outing. </p><b>Fabric: 100% Cotton Single Jersey</b><br>Fit: Semi-Fitted<br> Three-fourth Sleeves <label class="care"> Care Instructions<span class="down-arrow"></span> <section id="washcare"> <ul> <li>Warm wash under 30 C</li> <li>Do not bleach</li> <li>Do not dry clean</li> <li>Do not tumble dry</li> <li>Dry Flat in shade</li> <li>Warm Iron</li> <li>Do not wring</li> </ul> </section> </label> </br></br></section>,,14:04:2014,
A12CKTF04307,Blue Black Womens Top,http://zovi.com/womens-t-shirts-and-casual-tops?misc_ref_code=hp_seo_text,489,CASUAL TOPS,womens-t-shirts-and-casual-tops,zovi,http://d1yvqnuw46gd8y.cloudfront.net/z/prod/w/2/g/p/A12CKTF04307/1_c.jpg,489,blue,Women,http://zovi.com/blue-black-womens-top--A12CKTF04307,zovi.com,Zovi Blue Black Womens Top - Zovi Womens T Shirts And Casual Tops,Zovi Blue Black Womens Top - Zovi Womens T Shirts And Casual Tops - Free Shipping. Easy Exchange. 30 Days Returns. Cash on Delivery.,['S'  'M'  'L'],<section id="product-detail"> <h2 id="product-title">Blue Black Womens Top</h2> <p>The polka dot and quirky geometric prints is what adds to the charm of this top. It is styled with raglan sleeves that end at the elbows ensuring comfort along with style. It also features elegant pleated detailing on the front. Pair this chic top with classic jeans and bright footwear and unleash your fun side.</p><b>Fabric: Cotton Viscose</b> <label class="care"> Care Instructions<span class="down-arrow"></span> <section id="washcare"> <ul> <li>Warm wash under 30 C</li> <li>Do not bleach</li> <li>Do not dry clean</li> <li>Do not tumble dry</li> <li>Dry Flat in shade</li> <li>Warm Iron</li> <li>Do not wring</li> </ul> </section> </label> </section>,,14:04:2014,
S143KTF03201,Plain Jane Wine Top With Neck Tie Up,http://zovi.com/womens-t-shirts-and-casual-tops?misc_ref_code=hp_seo_text,399,CASUAL TOPS,womens-t-shirts-and-casual-tops,zovi,http://d2zfu6byxx4psc.cloudfront.net/z/prod/w/2/g/p/S143KTF03201/1_c.jpg,399,red,Women,http://zovi.com/plain-jane-wine-top-with-neck-tie-up--S143KTF03201,zovi.com,Zovi Plain Jane Wine Top With Neck Tie Up - Zovi Womens T Shirts And Casual Tops,Zovi Plain Jane Wine Top With Neck Tie Up - Zovi Womens T Shirts And Casual Tops - Free Shipping. Easy Exchange. 30 Days Returns. Cash on Delivery.,['XS'  'S'  'M'  'L'  'XL'  'XXL'],<section id="product-detail"> <h2 id="product-title">Plain Jane Wine Top With Neck Tie Up</h2> <p>Beat this uncertain weather with an outfit sure to be in vogue. This Plain Jane wine top features a tie up on the neck and three-fourth sleeves. Create a fashion rage by combining it with the light blue denims and fancy black kitten heels. </p><br>Fabric: 100% Viscose</br>Model Statistics: Height - 175 cm / 5 ft. 7 inches<br>Bust - 81 cm / 32 inches<br>Waist - 61 cm / 24 inches<br>Model is wearing size XS <label class="care"> Care Instructions<span class="down-arrow"></span> <section id="washcare"> <ul> <li>Warm wash under 30 C</li> <li>Do not bleach</li> <li>Do not dry clean</li> <li>Do not tumble dry</li> <li>Dry Flat in shade</li> <li>Warm Iron</li> <li>Do not wring</li> </ul> </section> </label> </br></br></br></section>,,14:04:2014,
A12CCTF00E07,Disney Mickey Dna U Neck Top,http://zovi.com/womens-t-shirts-and-casual-tops?misc_ref_code=hp_seo_text,399,CASUAL TOPS,womens-t-shirts-and-casual-tops,zovi,http://d1n7si5t7mlegv.cloudfront.net/z/prod/w/2/g/p/A12CCTF00E07/6_c.jpg,399,blue,Women,http://zovi.com/disney-mickey-dna-u-neck-top--A12CCTF00E07,zovi.com,Zovi Disney Mickey Dna U Neck Top - Zovi Womens T Shirts And Casual Tops,Zovi Disney Mickey Dna U Neck Top - Zovi Womens T Shirts And Casual Tops - Free Shipping. Easy Exchange. 30 Days Returns. Cash on Delivery.,['L'  'XL'],<section id="product-detail"> <h2 id="product-title">Disney Mickey Dna U Neck Top</h2> <p>This Magyar sleeves top features a deep neck that gives the top a stylish feel. This Mickey print top looks best when paired with denims or shorts. For a more sophisticated look team them with stiletto pumps.</p><b>Fabric: 100% Viscose</b> <label class="care"> Care Instructions<span class="down-arrow"></span> <section id="washcare"> <ul> <li>Warm wash under 30 C</li> <li>Do not bleach</li> <li>Do not dry clean</li> <li>Do not tumble dry</li> <li>Dry Flat in shade</li> <li>Warm Iron</li> <li>Do not wring</li> </ul> </section> </label> </section>,,14:04:2014,
A133KTF82D01,Electric Blue Boat Neck Top,http://zovi.com/womens-t-shirts-and-casual-tops?misc_ref_code=hp_seo_text,399,CASUAL TOPS,womens-t-shirts-and-casual-tops,zovi,http://d2zfu6byxx4psc.cloudfront.net/z/prod/w/2/g/p/A133KTF82D01/1_c.jpg,399,blue,Women,http://zovi.com/electric-blue-boat-neck-top--A133KTF82D01,zovi.com,Zovi Electric Blue Boat Neck Top - Zovi Womens T Shirts And Casual Tops,Zovi Electric Blue Boat Neck Top - Zovi Womens T Shirts And Casual Tops - Free Shipping. Easy Exchange. 30 Days Returns. Cash on Delivery.,['XS'  'M'  'L'  'XL'],<section id="product-detail"> <h2 id="product-title">Electric Blue Boat Neck Top</h2> <p> Somber or vivid  no matter what your style quotient is  here is a becoming electric blue top with a boat neck  three-fourth sleeves and dark blue lace detailing on the yoke. Combine this with skinny printed pants and a bejeweled clutch to make headlines. </p><br>Fabric: 100% Cotton </br>Model Statistics: Height - 173cm / 5.7 inches<br>Bust - 86cm / 34 inches<br>Waist - 63cm / 25 inches<br>Model is wearing size S <label class="care"> Care Instructions<span class="down-arrow"></span> <section id="washcare"> <ul> <li>Warm wash under 30 C</li> <li>Do not bleach</li> <li>Do not dry clean</li> <li>Do not tumble dry</li> <li>Dry Flat in shade</li> <li>Warm Iron</li> <li>Do not wring</li> </ul> </section> </label> </br></br></br></section>,,14:04:2014,
S143KTF81F02,Black Balloon Sleeves Top,http://zovi.com/womens-t-shirts-and-casual-tops?misc_ref_code=hp_seo_text,549,CASUAL TOPS,womens-t-shirts-and-casual-tops,zovi,http://d2zfu6byxx4psc.cloudfront.net/z/prod/w/2/g/p/S143KTF81F02/1_c.jpg,549,gray,Women,http://zovi.com/black-balloon-sleeves-top--S143KTF81F02,zovi.com,Zovi Black Balloon Sleeves Top - Zovi Womens T Shirts And Casual Tops,Zovi Black Balloon Sleeves Top - Zovi Womens T Shirts And Casual Tops - Free Shipping. Easy Exchange. 30 Days Returns. Cash on Delivery.,['XS'  'S'  'M'  'L'  'XL'  'XXL'],<section id="product-detail"> <h2 id="product-title">Black Balloon Sleeves Top</h2> <p>Rejuvinate yourself in this hot weather with an outfit fit for the season. This black top comes with a waistband and gathers starting at the arm-hole  leading to balloon sleeves. Relax yourself along with a pair of animal print palazzo pants and hot stilettos. </p><br>Fabric: 100% Viscose</br>Model Statistics: Height - 177 cm / 5 ft. 8 inches<br>Bust - 84 cm / 33 inches<br>Waist - 61 cm / 24 inches<br>Model is wearing size S <label class="care"> Care Instructions<span class="down-arrow"></span> <section id="washcare"> <ul> <li>Warm wash under 30 C</li> <li>Do not bleach</li> <li>Do not dry clean</li> <li>Do not tumble dry</li> <li>Dry Flat in shade</li> <li>Warm Iron</li> <li>Do not wring</li> </ul> </section> </label> </br></br></br></section>,,14:04:2014,
S143KTF02501,Cream Top With Shawl Collar And Pleated Waistline,http://zovi.com/womens-t-shirts-and-casual-tops?misc_ref_code=hp_seo_text,699,CASUAL TOPS,womens-t-shirts-and-casual-tops,zovi,http://d1yvqnuw46gd8y.cloudfront.net/z/prod/w/2/g/p/S143KTF02501/1_c.jpg,699,white,Women,http://zovi.com/cream-top-with-shawl-collar-and-pleated-waistline--S143KTF02501,zovi.com,Zovi Cream Top With Shawl Collar And Pleated Waistline - Zovi Womens T Shirts And Casual Tops,Zovi Cream Top With Shawl Collar And Pleated Waistline - Zovi Womens T Shirts And Casual Tops - Free Shipping. Easy Exchange. 30 Days Returns. Cash on Delivery.,['S'  'M'  'L'  'XL'],<section id="product-detail"> <h2 id="product-title">Cream Top With Shawl Collar And Pleated Waistline</h2> <p>Beat this uncertain weather with an outfit sure to be in vogue. This cream top has been intricately designed with a shawl collar and a clinched pleated waistline that can be worn as a casual or semi-formal top. Create a fashion rage by combining it with black trousers  a red clutch and fancy high heels. </p><br>Fabric: 100% Cotton</br>&gt;Model Statistics: Height - 175 cm / 5 ft. 7 inches<br>Bust - 81 cm / 32 inches<br>Waist - 61 cm / 24 inches<br>Model is wearing size XS <label class="care"> Care Instructions<span class="down-arrow"></span> <section id="washcare"> <ul> <li>Warm wash under 30 C</li> <li>Do not bleach</li> <li>Do not dry clean</li> <li>Do not tumble dry</li> <li>Dry Flat in shade</li> <li>Warm Iron</li> <li>Do not wring</li> </ul> </section> </label> </br></br></br></section>,,14:04:2014,
S12CCTF01D07,Disney Evil Queen Peacock Blue Top,http://zovi.com/womens-t-shirts-and-casual-tops?misc_ref_code=hp_seo_text,479,CASUAL TOPS,womens-t-shirts-and-casual-tops,zovi,http://d1n7si5t7mlegv.cloudfront.net/z/prod/w/2/g/p/S12CCTF01D07/1_c.jpg,479,blue,Women,http://zovi.com/disney-evil-queen-peacock-blue-top--S12CCTF01D07,zovi.com,Zovi Disney Evil Queen Peacock Blue Top - Zovi Womens T Shirts And Casual Tops,Zovi Disney Evil Queen Peacock Blue Top - Zovi Womens T Shirts And Casual Tops - Free Shipping. Easy Exchange. 30 Days Returns. Cash on Delivery.,['S'  'M'  'L'  'XL'],<section id="product-detail"> <h2 id="product-title">Disney Evil Queen Peacock Blue Top</h2> <p>An aqua blue top for women. The basic round neck t-shirt is styled with Goth graphic art of evil queen. Team the top with denim shorts and some colourful flip flops as you go out to meet old friends.</p><b>Fabric: 100% Viscose Cotton</b> <label class="care"> Care Instructions<span class="down-arrow"></span> <section id="washcare"> <ul> <li>Warm wash under 30 C</li> <li>Do not bleach</li> <li>Do not dry clean</li> <li>Do not tumble dry</li> <li>Dry Flat in shade</li> <li>Warm Iron</li> <li>Do not wring</li> </ul> </section> </label> </section>,,14:04:2014,
S12CCTF01E07,Disney Evil Queen Royal Blue Top,http://zovi.com/womens-t-shirts-and-casual-tops?misc_ref_code=hp_seo_text,399,CASUAL TOPS,womens-t-shirts-and-casual-tops,zovi,http://d1n7si5t7mlegv.cloudfront.net/z/prod/w/2/g/p/S12CCTF01E07/1_c.jpg,399,blue,Women,http://zovi.com/disney-evil-queen-royal-blue-top--S12CCTF01E07,zovi.com,Zovi Disney Evil Queen Royal Blue Top - Zovi Womens T Shirts And Casual Tops,Zovi Disney Evil Queen Royal Blue Top - Zovi Womens T Shirts And Casual Tops - Free Shipping. Easy Exchange. 30 Days Returns. Cash on Delivery.,['S'  'M'  'L'],<section id="product-detail"> <h2 id="product-title">Disney Evil Queen Royal Blue Top</h2> <p>A royal blue top for women. The basic round neck t-shirt is styled with Goth graphic art of evil queen. Team the top with denim shorts and some colourful flip flops as you go out to meet old friends.</p><b>Fabric: 100% Viscose Cotton</b> <label class="care"> Care Instructions<span class="down-arrow"></span> <section id="washcare"> <ul> <li>Warm wash under 30 C</li> <li>Do not bleach</li> <li>Do not dry clean</li> <li>Do not tumble dry</li> <li>Dry Flat in shade</li> <li>Warm Iron</li> <li>Do not wring</li> </ul> </section> </label> </section>,,14:04:2014,
S143KTF03301,Raglan Printed Blue Top,http://zovi.com/womens-t-shirts-and-casual-tops?misc_ref_code=hp_seo_text,499,CASUAL TOPS,womens-t-shirts-and-casual-tops,zovi,http://d1yvqnuw46gd8y.cloudfront.net/z/prod/w/2/g/p/S143KTF03301/1_c.jpg,499,blue,Women,http://zovi.com/raglan-printed-blue-top--S143KTF03301,zovi.com,Zovi Raglan Printed Blue Top - Zovi Womens T Shirts And Casual Tops,Zovi Raglan Printed Blue Top - Zovi Womens T Shirts And Casual Tops - Free Shipping. Easy Exchange. 30 Days Returns. Cash on Delivery.,['XS'  'S'  'M'  'L'  'XL'  'XXL'],<section id="product-detail"> <h2 id="product-title">Raglan Printed Blue Top</h2> <p>Rejuvinate yourself in this hot weather with an outfit fit for the season. This blue top features raglan multicolour printed full sleeves. Relax yourself along with a pair of white pants and sneakers. </p><br>Fabric: 100% Viscose</br>Model Statistics: Height - 177 cm / 5 ft. 8 inches<br>Bust - 84 cm / 33 inches<br>Waist - 61 cm / 24 inches<br>Model is wearing size S <label class="care"> Care Instructions<span class="down-arrow"></span> <section id="washcare"> <ul> <li>Warm wash under 30 C</li> <li>Do not bleach</li> <li>Do not dry clean</li> <li>Do not tumble dry</li> <li>Dry Flat in shade</li> <li>Warm Iron</li> <li>Do not wring</li> </ul> </section> </label> </br></br></br></section>,,14:04:2014,
A136WOF02701,Black Knitted Top With Woven Blue Check At Sleeves And Asymmetrical Hemline,http://zovi.com/womens-t-shirts-and-casual-tops?misc_ref_code=hp_seo_text,314,CASUAL TOPS,womens-t-shirts-and-casual-tops,zovi,http://d2zfu6byxx4psc.cloudfront.net/z/prod/w/2/g/p/A136WOF02701/1_c.jpg,314,black,Women,http://zovi.com/black-knitted-top-with-woven-blue-check-at-sleeves-and-asymmetrical-hemline--A136WOF02701,zovi.com,Zovi Black Knitted Top With Woven Blue Check At Sleeves And Asymmetrical Hemline - Zovi Womens T Shirts And Casual Tops,Zovi Black Knitted Top With Woven Blue Check At Sleeves And Asymmetrical Hemline - Zovi Womens T Shirts And Casual Tops - Free Shipping. Easy Exchange. 30 Days Returns. Cash on Delivery.,['XS'  'S'  'M'],<section id="product-detail"> <h2 id="product-title">Black Knitted Top With Woven Blue Check At Sleeves And Asymmetrical Hemline</h2> <p>A stylish round-neck woven blue-check at sleeves and knitted black top. The top features black front and an asymmetrical hemline. Pair the top with denims for stylish outing. </p><b>Fabric: 100% Cotton</b><br>Fit: Semi-Fitted<br> <label class="care"> Care Instructions<span class="down-arrow"></span> <section id="washcare"> <ul> <li>Warm wash under 30 C</li> <li>Do not bleach</li> <li>Do not dry clean</li> <li>Do not tumble dry</li> <li>Dry Flat in shade</li> <li>Warm Iron</li> <li>Do not wring</li> </ul> </section> </label> </br></br></section>,,14:04:2014,
S143KTF80A02,Cobalt Blue Top With Curved Stripes,http://zovi.com/womens-t-shirts-and-casual-tops?misc_ref_code=hp_seo_text,499,CASUAL TOPS,womens-t-shirts-and-casual-tops,zovi,http://d1n7si5t7mlegv.cloudfront.net/z/prod/w/2/g/p/S143KTF80A02/1_c.jpg,499,blue,Women,http://zovi.com/cobalt-blue-top-with-curved-stripes--S143KTF80A02,zovi.com,Zovi Cobalt Blue Top With Curved Stripes - Zovi Womens T Shirts And Casual Tops,Zovi Cobalt Blue Top With Curved Stripes - Zovi Womens T Shirts And Casual Tops - Free Shipping. Easy Exchange. 30 Days Returns. Cash on Delivery.,['XS'  'S'  'M'  'L'  'XL'  'XXL'],<section id="product-detail"> <h2 id="product-title">Cobalt Blue Top With Curved Stripes</h2> <p>Rejuvinate yourself in this hot weather with an outfit fit for the season. This cobalt blue top is designed with curved stripes in chocochip and diesel blue on the main body  cowl neck and short sleeves. Relax yourself along with a pair of blue denims and hot stilettos. </p><br>Fabric: 100% Viscose</br>Model Statistics: Height - 177 cm / 5 ft. 8 inches<br>Bust - 84 cm / 33 inches<br>Waist - 61 cm / 24 inches<br>Model is wearing size S <label class="care"> Care Instructions<span class="down-arrow"></span> <section id="washcare"> <ul> <li>Warm wash under 30 C</li> <li>Do not bleach</li> <li>Do not dry clean</li> <li>Do not tumble dry</li> <li>Dry Flat in shade</li> <li>Warm Iron</li> <li>Do not wring</li> </ul> </section> </label> </br></br></br></section>,,14:04:2014,
A133KTF71B01,Purple Top With Curved Panels,http://zovi.com/womens-t-shirts-and-casual-tops?misc_ref_code=hp_seo_text,549,CASUAL TOPS,womens-t-shirts-and-casual-tops,zovi,http://d2zfu6byxx4psc.cloudfront.net/z/prod/w/2/g/p/A133KTF71B01/1_c.jpg,549,multicolor,Women,http://zovi.com/purple-top-with-curved-panels--A133KTF71B01,zovi.com,Zovi Purple Top With Curved Panels - Zovi Womens T Shirts And Casual Tops,Zovi Purple Top With Curved Panels - Zovi Womens T Shirts And Casual Tops - Free Shipping. Easy Exchange. 30 Days Returns. Cash on Delivery.,['XS'  'S'  'M'  'L'  'XL'  'XXL'],<section id="product-detail"> <h2 id="product-title">Purple Top With Curved Panels</h2> <p>Rejuvinate yourself in this hot weather with an outfit fit for the season. This purple top features full sleeves  dual curved panels along with a boat neckline and full sleeves. Relax yourself along with a pair of blue denims and hot stilettos. </p><br>Fabric: 100% Viscose</br>Model Statistics: Height - 177 cm / 5 ft. 8 inches<br>Bust - 84 cm / 33 inches<br>Waist - 61 cm / 24 inches<br>Model is wearing size S <label class="care"> Care Instructions<span class="down-arrow"></span> <section id="washcare"> <ul> <li>Warm wash under 30 C</li> <li>Do not bleach</li> <li>Do not dry clean</li> <li>Do not tumble dry</li> <li>Dry Flat in shade</li> <li>Warm Iron</li> <li>Do not wring</li> </ul> </section> </label> </br></br></br></section>,,14:04:2014,
S133KTF19804,Fuschia Smocked Hem Top With Cape Sleeves,http://zovi.com/womens-t-shirts-and-casual-tops?misc_ref_code=hp_seo_text,479,CASUAL TOPS,womens-t-shirts-and-casual-tops,zovi,http://d1yvqnuw46gd8y.cloudfront.net/z/prod/w/2/g/p/S133KTF19804/1_c.jpg,479,pink,Women,http://zovi.com/fuschia-smocked-hem-top-with-cape-sleeves--S133KTF19804,zovi.com,Zovi Fuschia Smocked Hem Top With Cape Sleeves - Zovi Womens T Shirts And Casual Tops,Zovi Fuschia Smocked Hem Top With Cape Sleeves - Zovi Womens T Shirts And Casual Tops - Free Shipping. Easy Exchange. 30 Days Returns. Cash on Delivery.,['S'  'M'  'L'  'XL'],<section id="product-detail"> <h2 id="product-title">Fuschia Smocked Hem Top With Cape Sleeves</h2> <p> For a cozy dinner date with your BFF  this fuschia semi-fitted blouse will be your best wardrobe addition. This top is designed with a U neckline  cape sleeves and a smocked hemline. Make peppy your gloomy wardrobe by pairing this top with dark denims and boots. </p><br>Fabric: 100% Viscose </br>Model Statistics: Height - 178 cm / 5 ft. 8 inches<br>Bust - 82.5 cm / 32.5 inches<br>Waist - 68.5 cm / 27 inches<br>Model is wearing size XS <label class="care"> Care Instructions<span class="down-arrow"></span> <section id="washcare"> <ul> <li>Warm wash under 30 C</li> <li>Do not bleach</li> <li>Do not dry clean</li> <li>Do not tumble dry</li> <li>Dry Flat in shade</li> <li>Warm Iron</li> <li>Do not wring</li> </ul> </section> </label> </br></br></br></section>,,14:04:2014,
A133KTF81D01,Purple Top With Beaded Frill Neckline,http://zovi.com/womens-t-shirts-and-casual-tops?misc_ref_code=hp_seo_text,439,CASUAL TOPS,womens-t-shirts-and-casual-tops,zovi,http://d2zfu6byxx4psc.cloudfront.net/z/prod/w/2/g/p/A133KTF81D01/1_c.jpg,439,purple,Women,http://zovi.com/purple-top-with-beaded-frill-neckline--A133KTF81D01,zovi.com,Zovi Purple Top With Beaded Frill Neckline - Zovi Womens T Shirts And Casual Tops,Zovi Purple Top With Beaded Frill Neckline - Zovi Womens T Shirts And Casual Tops - Free Shipping. Easy Exchange. 30 Days Returns. Cash on Delivery.,['XS'  'S'  'M'  'L'  'XL'  'XXL'],<section id="product-detail"> <h2 id="product-title">Purple Top With Beaded Frill Neckline</h2> <p>Beat this uncertain weather with an outfit sure to be in vogue. This purple top is impeccably designed with three-fourth sleeves  a neckline and sleeve hem with a pleated frill and seed beads. Create a fashion rage by combining it with dark blue denims and fancy white kitten heels. </p><br>Fabric: 100% Viscose</br>Model Statistics: Height - 175 cm / 5 ft. 7 inches<br>Bust - 81 cm / 32 inches<br>Waist - 61 cm / 24 inches<br>Model is wearing size XS <label class="care"> Care Instructions<span class="down-arrow"></span> <section id="washcare"> <ul> <li>Warm wash under 30 C</li> <li>Do not bleach</li> <li>Do not dry clean</li> <li>Do not tumble dry</li> <li>Dry Flat in shade</li> <li>Warm Iron</li> <li>Do not wring</li> </ul> </section> </label> </br></br></br></section>,,14:04:2014,
A133KTF83101,Electric Blue Top With Cut Out Fabric Flowers,http://zovi.com/womens-t-shirts-and-casual-tops?misc_ref_code=hp_seo_text,549,CASUAL TOPS,womens-t-shirts-and-casual-tops,zovi,http://d1yvqnuw46gd8y.cloudfront.net/z/prod/w/2/g/p/A133KTF83101/8_c.jpg,549,blue,Women,http://zovi.com/electric-blue-top-with-cut-out-fabric-flowers--A133KTF83101,zovi.com,Zovi Electric Blue Top With Cut Out Fabric Flowers - Zovi Womens T Shirts And Casual Tops,Zovi Electric Blue Top With Cut Out Fabric Flowers - Zovi Womens T Shirts And Casual Tops - Free Shipping. Easy Exchange. 30 Days Returns. Cash on Delivery.,['XS'  'S'  'M'  'L'  'XL'],<section id="product-detail"> <h2 id="product-title">Electric Blue Top With Cut Out Fabric Flowers</h2> <p>Beat this uncertain weather with an outfit sure to be in vogue. This electric blue top is impeccably designed with cut out fabric flowers  three-fourth sleeves and an elasticized hemline . Create a fashion rage by combining it with dark blue denims  a blue sling and fancy white kitten heels. </p><br>Fabric: 100% Cotton</br>Model Statistics: Height - 175 cm / 5 ft. 7 inches<br>Bust - 81 cm / 32 inches<br>Waist - 61 cm / 24 inches<br>Model is wearing size XS <label class="care"> Care Instructions<span class="down-arrow"></span> <section id="washcare"> <ul> <li>Warm wash under 30 C</li> <li>Do not bleach</li> <li>Do not dry clean</li> <li>Do not tumble dry</li> <li>Dry Flat in shade</li> <li>Warm Iron</li> <li>Do not wring</li> </ul> </section> </label> </br></br></br></section>,,14:04:2014,
A133KTF81D02,Diesel Blue Top With Beaded Frill Neckline,http://zovi.com/womens-t-shirts-and-casual-tops?misc_ref_code=hp_seo_text,439,CASUAL TOPS,womens-t-shirts-and-casual-tops,zovi,http://d1n7si5t7mlegv.cloudfront.net/z/prod/w/2/g/p/A133KTF81D02/1_c.jpg,439,blue,Women,http://zovi.com/diesel-blue-top-with-beaded-frill-neckline--A133KTF81D02,zovi.com,Zovi Diesel Blue Top With Beaded Frill Neckline - Zovi Womens T Shirts And Casual Tops,Zovi Diesel Blue Top With Beaded Frill Neckline - Zovi Womens T Shirts And Casual Tops - Free Shipping. Easy Exchange. 30 Days Returns. Cash on Delivery.,['XS'  'S'  'L'  'XL'  'XXL'],<section id="product-detail"> <h2 id="product-title">Diesel Blue Top With Beaded Frill Neckline</h2> <p>Beat this uncertain weather with an outfit sure to be in vogue. This diesel blue top is impeccably designed with three-fourth sleeves  a neckline and sleeve hem with a pleated frill and seed beads. Create a fashion rage by combining it with dark blue denims and fancy white kitten heels. </p><br>Fabric: 100% Viscose</br>Model Statistics: Height - 175 cm / 5 ft. 7 inches<br>Bust - 81 cm / 32 inches<br>Waist - 61 cm / 24 inches<br>Model is wearing size XS <label class="care"> Care Instructions<span class="down-arrow"></span> <section id="washcare"> <ul> <li>Warm wash under 30 C</li> <li>Do not bleach</li> <li>Do not dry clean</li> <li>Do not tumble dry</li> <li>Dry Flat in shade</li> <li>Warm Iron</li> <li>Do not wring</li> </ul> </section> </label> </br></br></br></section>,,14:04:2014,
S143KTF01901,Black And Red Colour Block Top With Shoulder Loops,http://zovi.com/womens-t-shirts-and-casual-tops?misc_ref_code=hp_seo_text,439,CASUAL TOPS,womens-t-shirts-and-casual-tops,zovi,http://d2zfu6byxx4psc.cloudfront.net/z/prod/w/2/g/p/S143KTF01901/7_c.jpg,439,black,Women,http://zovi.com/black-and-red-colour-block-top-with-shoulder-loops--S143KTF01901,zovi.com,Zovi Black And Red Colour Block Top With Shoulder Loops - Zovi Womens T Shirts And Casual Tops,Zovi Black And Red Colour Block Top With Shoulder Loops - Zovi Womens T Shirts And Casual Tops - Free Shipping. Easy Exchange. 30 Days Returns. Cash on Delivery.,['S'  'M'  'L'  'XL'],<section id="product-detail"> <h2 id="product-title">Black And Red Colour Block Top With Shoulder Loops</h2> <p>Back to the basics with an ultimate twist. This black top has a red colour block around the front  V-neck  a golden epaulet detail on the shoulder loops and three-fourth sleeves. Party on along with a pair of skinny distressed jeans and hot stilettos. </p><br>Fabric: 100% Viscose</br>Model Statistics: Height - 177 cm / 5 ft. 8 inches<br>Bust - 84 cm / 33 inches<br>Waist - 61 cm / 24 inches<br>Model is wearing size S <label class="care"> Care Instructions<span class="down-arrow"></span> <section id="washcare"> <ul> <li>Warm wash under 30 C</li> <li>Do not bleach</li> <li>Do not dry clean</li> <li>Do not tumble dry</li> <li>Dry Flat in shade</li> <li>Warm Iron</li> <li>Do not wring</li> </ul> </section> </label> </br></br></br></section>,,14:04:2014,
S143KTF72202,Pink Top With Lace Yoke And Sleeves,http://zovi.com/womens-t-shirts-and-casual-tops?misc_ref_code=hp_seo_text,549,CASUAL TOPS,womens-t-shirts-and-casual-tops,zovi,http://d1n7si5t7mlegv.cloudfront.net/z/prod/w/2/g/p/S143KTF72202/1_c.jpg,549,pink,Women,http://zovi.com/pink-top-with-lace-yoke-and-sleeves--S143KTF72202,zovi.com,Zovi Pink Top With Lace Yoke And Sleeves - Zovi Womens T Shirts And Casual Tops,Zovi Pink Top With Lace Yoke And Sleeves - Zovi Womens T Shirts And Casual Tops - Free Shipping. Easy Exchange. 30 Days Returns. Cash on Delivery.,['S'  'M'  'L'  'XL'],<section id="product-detail"> <h2 id="product-title">Pink Top With Lace Yoke And Sleeves</h2> <p>Rejuvinate yourself in this hot weather with an outfit fit for the season. This semi fitted pink top features white lace sleeves and a yoke. Relax yourself along with a pair of white pants and wedges. </p><br>Fabric: 100% Viscose and Lace</br>Model Statistics: Height - 177 cm / 5 ft. 8 inches<br>Bust - 84 cm / 33 inches<br>Waist - 61 cm / 24 inches<br>Model is wearing size S <label class="care"> Care Instructions<span class="down-arrow"></span> <section id="washcare"> <ul> <li>Warm wash under 30 C</li> <li>Do not bleach</li> <li>Do not dry clean</li> <li>Do not tumble dry</li> <li>Dry Flat in shade</li> <li>Warm Iron</li> <li>Do not wring</li> </ul> </section> </label> </br></br></br></section>,,14:04:2014,
A133KTF82701,Coffee Brown Cowl Neck Top,http://zovi.com/womens-t-shirts-and-casual-tops?misc_ref_code=hp_seo_text,399,CASUAL TOPS,womens-t-shirts-and-casual-tops,zovi,http://d1n7si5t7mlegv.cloudfront.net/z/prod/w/2/g/p/A133KTF82701/1_c.jpg,399,brown,Women,http://zovi.com/coffee-brown-cowl-neck-top--A133KTF82701,zovi.com,Zovi Coffee Brown Cowl Neck Top - Zovi Womens T Shirts And Casual Tops,Zovi Coffee Brown Cowl Neck Top - Zovi Womens T Shirts And Casual Tops - Free Shipping. Easy Exchange. 30 Days Returns. Cash on Delivery.,['XL'  'XXL'],<section id="product-detail"> <h2 id="product-title">Coffee Brown Cowl Neck Top</h2> <p> When you can't decide what to wear on a spontaneous date to the cafe  this top is the best choice. This coffee brown top  features a cowl neck adorned with a pink and gold ribbon and 3/4th sleeves. Pair it with dark denims and wedges to woo your man over. </p><br>Fabric: 100% Viscose </br>Model Statistics: Height - 177 cm / 5 ft. 8 inches<br>Bust - 83 cm / 33 inches<br>Waist - 68.58 cm / 23 inches<br>Model is wearing size XS <label class="care"> Care Instructions<span class="down-arrow"></span> <section id="washcare"> <ul> <li>Warm wash under 30 C</li> <li>Do not bleach</li> <li>Do not dry clean</li> <li>Do not tumble dry</li> <li>Dry Flat in shade</li> <li>Warm Iron</li> <li>Do not wring</li> </ul> </section> </label> </br></br></br></section>,,14:04:2014,
A133KTF82F01,Mustard Blouse With Twisted Yoke,http://zovi.com/womens-t-shirts-and-casual-tops?misc_ref_code=hp_seo_text,439,CASUAL TOPS,womens-t-shirts-and-casual-tops,zovi,http://d1n7si5t7mlegv.cloudfront.net/z/prod/w/2/g/p/A133KTF82F01/1_c.jpg,439,yellow,Women,http://zovi.com/mustard-blouse-with-twisted-yoke--A133KTF82F01,zovi.com,Zovi Mustard Blouse With Twisted Yoke - Zovi Womens T Shirts And Casual Tops,Zovi Mustard Blouse With Twisted Yoke - Zovi Womens T Shirts And Casual Tops - Free Shipping. Easy Exchange. 30 Days Returns. Cash on Delivery.,['XS'  'S'  'M'  'L'  'XL'  'XXL'],<section id="product-detail"> <h2 id="product-title">Mustard Blouse With Twisted Yoke</h2> <p> For a cozy dinner date with your BFF  this mustard semi-fitted blouse will be your best wardrobe addition. It features full sleeves and a stylish front twist on the yoke. Make peppy your gloomy wardrobe by pairing this top with dark denims and boots. </p><br>Fabric: 100% Polyester </br>Model Statistics: Height - 181 cm / 5 ft. 9 inches<br>Bust - 83 cm / 33 inches<br>Waist - 64 cm / 25 inches<br>Model is wearing size XS <label class="care"> Care Instructions<span class="down-arrow"></span> <section id="washcare"> <ul> <li>Warm wash under 30 C</li> <li>Do not bleach</li> <li>Do not dry clean</li> <li>Do not tumble dry</li> <li>Dry Flat in shade</li> <li>Warm Iron</li> <li>Do not wring</li> </ul> </section> </label> </br></br></br></section>,,14:04:2014,
A133KTF81E01,Plain Jane Navy Top,http://zovi.com/womens-t-shirts-and-casual-tops?misc_ref_code=hp_seo_text,499,CASUAL TOPS,womens-t-shirts-and-casual-tops,zovi,http://d1n7si5t7mlegv.cloudfront.net/z/prod/w/2/g/p/A133KTF81E01/1_c.jpg,499,blue,Women,http://zovi.com/plain-jane-navy-top--A133KTF81E01,zovi.com,Zovi Plain Jane Navy Top - Zovi Womens T Shirts And Casual Tops,Zovi Plain Jane Navy Top - Zovi Womens T Shirts And Casual Tops - Free Shipping. Easy Exchange. 30 Days Returns. Cash on Delivery.,['S'  'M'  'L'  'XL'  'XXL'],<section id="product-detail"> <h2 id="product-title">Plain Jane Navy Top</h2> <p>Beat this uncertain weather with an outfit sure to be in vogue. This Plain Jane navy top features a distinctive neckline with pleats and three-fourth sleeves. Create a fashion rage by combining it with the light blue denims and fancy black kitten heels. </p><br>Fabric: 100% Viscose</br>Model Statistics: Height - 175 cm / 5 ft. 7 inches<br>Bust - 81 cm / 32 inches<br>Waist - 61 cm / 24 inches<br>Model is wearing size XS <label class="care"> Care Instructions<span class="down-arrow"></span> <section id="washcare"> <ul> <li>Warm wash under 30 C</li> <li>Do not bleach</li> <li>Do not dry clean</li> <li>Do not tumble dry</li> <li>Dry Flat in shade</li> <li>Warm Iron</li> <li>Do not wring</li> </ul> </section> </label> </br></br></br></section>,,14:04:2014,
S133KTF39704,Sea Green Peter Pan Collar Top With Sheer Sleeves,http://zovi.com/womens-t-shirts-and-casual-tops?misc_ref_code=hp_seo_text,479,CASUAL TOPS,womens-t-shirts-and-casual-tops,zovi,http://d1n7si5t7mlegv.cloudfront.net/z/prod/w/2/g/p/S133KTF39704/1_c.jpg,479,green,Women,http://zovi.com/sea-green-peter-pan-collar-top-with-sheer-sleeves--S133KTF39704,zovi.com,Zovi Sea Green Peter Pan Collar Top With Sheer Sleeves - Zovi Womens T Shirts And Casual Tops,Zovi Sea Green Peter Pan Collar Top With Sheer Sleeves - Zovi Womens T Shirts And Casual Tops - Free Shipping. Easy Exchange. 30 Days Returns. Cash on Delivery.,['XS'  'S'  'M'  'L'  'XL'  'XXL'],<section id="product-detail"> <h2 id="product-title">Sea Green Peter Pan Collar Top With Sheer Sleeves</h2> <p> For a cozy dinner date with your BFF  this sea green semi-fitted blouse will be your best wardrobe addition. This top is designed with a peter pan collar  cloth covered buttons and sheer cap sleeves. Make peppy your gloomy wardrobe by pairing this top with dark denims and boots. </p><br>Fabric: 100% Viscose </br>Model Statistics: Height - 178 cm / 5 ft. 8 inches<br>Bust - 82.5 cm / 32.5 inches<br>Waist - 68.5 cm / 27 inches<br>Model is wearing size XS <label class="care"> Care Instructions<span class="down-arrow"></span> <section id="washcare"> <ul> <li>Warm wash under 30 C</li> <li>Do not bleach</li> <li>Do not dry clean</li> <li>Do not tumble dry</li> <li>Dry Flat in shade</li> <li>Warm Iron</li> <li>Do not wring</li> </ul> </section> </label> </br></br></br></section>,,14:04:2014,
A123KTF15801,Off White Embellished Stylized Bow Top,http://zovi.com/womens-t-shirts-and-casual-tops?misc_ref_code=hp_seo_text,399,CASUAL TOPS,womens-t-shirts-and-casual-tops,zovi,http://d2zfu6byxx4psc.cloudfront.net/z/prod/w/2/g/p/A123KTF15801/2_c.jpg,399,off white,Women,http://zovi.com/off-white-embellished-stylized-bow-top--A123KTF15801,zovi.com,Zovi Off White Embellished Stylized Bow Top - Zovi Womens T Shirts And Casual Tops,Zovi Off White Embellished Stylized Bow Top - Zovi Womens T Shirts And Casual Tops - Free Shipping. Easy Exchange. 30 Days Returns. Cash on Delivery.,['S'  'M'  'L'],<section id="product-detail"> <h2 id="product-title">Off White Embellished Stylized Bow Top</h2> <p>A stylishly embellished women's top. The off white top features a rhythmic bow print all across the chest and the bow is aesthetically embellished with sequins and stone. Style the top with dark jeans or slim fit black trousers for a trendy smart look with a hint of bling.</p><b>Fabric : 70% Cotton 30% Polyester</b><br>Model Statistics : Height - 174 cm / 5 ft. 8.5 inches.<br>                           &nbspBust; - 81 cm / 32 inches.<br>Model is wearing size S. <label class="care"> Care Instructions<span class="down-arrow"></span> <section id="washcare"> <ul> <li>Warm wash under 30 C</li> <li>Do not bleach</li> <li>Do not dry clean</li> <li>Do not tumble dry</li> <li>Dry Flat in shade</li> <li>Warm Iron</li> <li>Do not wring</li> </ul> </section> </label> </br></br></br></section>,,14:04:2014,
S143KTF81A02,Spring Green Top With Printed Yoke,http://zovi.com/womens-t-shirts-and-casual-tops?misc_ref_code=hp_seo_text,399,CASUAL TOPS,womens-t-shirts-and-casual-tops,zovi,http://d2zfu6byxx4psc.cloudfront.net/z/prod/w/2/g/p/S143KTF81A02/1_c.jpg,399,green,Women,http://zovi.com/spring-green-top-with-printed-yoke--S143KTF81A02,zovi.com,Zovi Spring Green Top With Printed Yoke - Zovi Womens T Shirts And Casual Tops,Zovi Spring Green Top With Printed Yoke - Zovi Womens T Shirts And Casual Tops - Free Shipping. Easy Exchange. 30 Days Returns. Cash on Delivery.,['XS'  'S'  'M'  'L'  'XL'],<section id="product-detail"> <h2 id="product-title">Spring Green Top With Printed Yoke</h2> <p>Rejuvinate yourself in this hot weather with an outfit fit for the season. This spring green top features short sleeves and a printed yoke. Relax yourself along with a pair of blue denims and hot stilettos. </p><br>Fabric: 100% Viscose</br>Model Statistics: Height - 177 cm / 5 ft. 8 inches<br>Bust - 84 cm / 33 inches<br>Waist - 61 cm / 24 inches<br>Model is wearing size S <label class="care"> Care Instructions<span class="down-arrow"></span> <section id="washcare"> <ul> <li>Warm wash under 30 C</li> <li>Do not bleach</li> <li>Do not dry clean</li> <li>Do not tumble dry</li> <li>Dry Flat in shade</li> <li>Warm Iron</li> <li>Do not wring</li> </ul> </section> </label> </br></br></br></section>,,14:04:2014,
A133KTF72301,Sea Green Top With Knotted Sleeve,http://zovi.com/womens-t-shirts-and-casual-tops?misc_ref_code=hp_seo_text,399,CASUAL TOPS,womens-t-shirts-and-casual-tops,zovi,http://d1yvqnuw46gd8y.cloudfront.net/z/prod/w/2/g/p/A133KTF72301/10_c.jpg,399,green,Women,http://zovi.com/sea-green-top-with-knotted-sleeve--A133KTF72301,zovi.com,Zovi Sea Green Top With Knotted Sleeve - Zovi Womens T Shirts And Casual Tops,Zovi Sea Green Top With Knotted Sleeve - Zovi Womens T Shirts And Casual Tops - Free Shipping. Easy Exchange. 30 Days Returns. Cash on Delivery.,['XS'  'S'  'M'  'L'  'XL'  'XXL'],<section id="product-detail"> <h2 id="product-title">Sea Green Top With Knotted Sleeve</h2> <p>A sea green top in luxurious drape. The top is styled with a gathered right sleeve and a knotted left sleeve. It has elasticised side seams near the bottom hem for a perfect fit. Let your tresses loose as you don this chic top with white shorts and flip flops. Finish the look with a tweed hat.</p><b>Fabric: 100% Viscose</b><br>Fit: Relaxed</br>Model Statistics: Height - 173cm / 5.7 inches<br>Bust - 86cm / 34 inches<br>Waist - 63cm / 25 inches<br>Model is wearing size XS <label class="care"> Care Instructions<span class="down-arrow"></span> <section id="washcare"> <ul> <li>Warm wash under 30 C</li> <li>Do not bleach</li> <li>Do not dry clean</li> <li>Do not tumble dry</li> <li>Dry Flat in shade</li> <li>Warm Iron</li> <li>Do not wring</li> </ul> </section> </label> </br></br></br></section>,,14:04:2014,
A133KTF72001,Teal  Blue And Navy Colour Block Top With Boat Neckline,http://zovi.com/womens-t-shirts-and-casual-tops?misc_ref_code=hp_seo_text,549,CASUAL TOPS,womens-t-shirts-and-casual-tops,zovi,http://d1yvqnuw46gd8y.cloudfront.net/z/prod/w/2/g/p/A133KTF72001/1_c.jpg,549,blue,Women,http://zovi.com/teal-blue-and-navy-colour-block-top-with-boat-neckline--A133KTF72001,zovi.com,Zovi Teal  Blue And Navy Colour Block Top With Boat Neckline - Zovi Womens T Shirts And Casual Tops,Zovi Teal  Blue And Navy Colour Block Top With Boat Neckline - Zovi Womens T Shirts And Casual Tops - Free Shipping. Easy Exchange. 30 Days Returns. Cash on Delivery.,['XS'  'S'  'M'  'L'  'XL'  'XXL'],<section id="product-detail"> <h2 id="product-title">Teal  Blue And Navy Colour Block Top With Boat Neckline</h2> <p>Rejuvinate yourself in this hot weather with an outfit fit for the season. This colour bloack top comes in teal  navy and blue  three-fourth sleeves  a boat neckline and an elasticised waist. Relax yourself along with a pair of blue denims and hot stilettos. </p><br>Fabric: 100% Viscose</br>Model Statistics: Height - 177 cm / 5 ft. 8 inches<br>Bust - 84 cm / 33 inches<br>Waist - 61 cm / 24 inches<br>Model is wearing size S <label class="care"> Care Instructions<span class="down-arrow"></span> <section id="washcare"> <ul> <li>Warm wash under 30 C</li> <li>Do not bleach</li> <li>Do not dry clean</li> <li>Do not tumble dry</li> <li>Dry Flat in shade</li> <li>Warm Iron</li> <li>Do not wring</li> </ul> </section> </label> </br></br></br></section>,,14:04:2014,
A133KTF83501,Deep Purple Lace And Pleats Top,http://zovi.com/womens-t-shirts-and-casual-tops?misc_ref_code=hp_seo_text,479,CASUAL TOPS,womens-t-shirts-and-casual-tops,zovi,http://d1n7si5t7mlegv.cloudfront.net/z/prod/w/2/g/p/A133KTF83501/8_c.jpg,479,purple,Women,http://zovi.com/deep-purple-lace-and-pleats-top--A133KTF83501,zovi.com,Zovi Deep Purple Lace And Pleats Top - Zovi Womens T Shirts And Casual Tops,Zovi Deep Purple Lace And Pleats Top - Zovi Womens T Shirts And Casual Tops - Free Shipping. Easy Exchange. 30 Days Returns. Cash on Delivery.,['S'  'M'  'L'  'XL'],<section id="product-detail"> <h2 id="product-title">Deep Purple Lace And Pleats Top</h2> <p>Beat this uncertain weather with an outfit sure to be in vogue. This deep purple top features lace yoke surrounded with pleats  an open placket and full sleeves. Create a fashion rage by combining it with the light blue denims and fancy black kitten heels. </p><br>Fabric: 100% Viscose</br>Model Statistics: Height - 175 cm / 5 ft. 7 inches<br>Bust - 81 cm / 32 inches<br>Waist - 61 cm / 24 inches<br>Model is wearing size XS <label class="care"> Care Instructions<span class="down-arrow"></span> <section id="washcare"> <ul> <li>Warm wash under 30 C</li> <li>Do not bleach</li> <li>Do not dry clean</li> <li>Do not tumble dry</li> <li>Dry Flat in shade</li> <li>Warm Iron</li> <li>Do not wring</li> </ul> </section> </label> </br></br></br></section>,,14:04:2014,
INK3KTW28671,Hot Pink V-neck Top With Dipped Hem,http://zovi.com/womens-t-shirts-and-casual-tops?misc_ref_code=hp_seo_text,479,CASUAL TOPS,womens-t-shirts-and-casual-tops,zovi,http://d1yvqnuw46gd8y.cloudfront.net/z/prod/w/2/g/p/INK3KTW28671/1_c.jpg,479,,Women,http://zovi.com/hot-pink-v-neck-top-with-dipped-hem--INK3KTW28671,zovi.com,Zovi Hot Pink V-neck Top With Dipped Hem - Zovi Womens T Shirts And Casual Tops,Zovi Hot Pink V-neck Top With Dipped Hem - Zovi Womens T Shirts And Casual Tops - Free Shipping. Easy Exchange. 30 Days Returns. Cash on Delivery.,['L'  'XL'],<section id="product-detail"> <h2 id="product-title">Hot Pink V-neck Top With Dipped Hem</h2> <p>A stylishly cute v-neck top featuring graphic print at front. This hot pink top features short sleeves with tie-up and a dipped bottom hem. Style this chic semi-fitted top with light blue denims and canvas shoes. Don't forget those shades to finish the look!</p><b>Fabric: 100% Viscose</b><br>Fit: Semi-Fitted<br>Model Statistics: Height - 175 cm / 5 ft. 9 inches.<br>                           &nbspBust; - 81 cm / 32 inches.<br>                           &nbspWaist; - 61 cm / 24 inches.<br>Model is wearing size S. <label class="care"> Care Instructions<span class="down-arrow"></span> <section id="washcare"> <ul> <li>Warm wash under 30 C</li> <li>Do not bleach</li> <li>Do not dry clean</li> <li>Do not tumble dry</li> <li>Dry Flat in shade</li> <li>Warm Iron</li> <li>Do not wring</li> </ul> </section> </label> </br></br></br></br></br></section>,,14:04:2014,
S143KTF02A01,Blush Pink Cowl Neck Top,http://zovi.com/womens-t-shirts-and-casual-tops?misc_ref_code=hp_seo_text,449,CASUAL TOPS,womens-t-shirts-and-casual-tops,zovi,http://d1yvqnuw46gd8y.cloudfront.net/z/prod/w/2/g/p/S143KTF02A01/1_c.jpg,449,pink,Women,http://zovi.com/blush-pink-cowl-neck-top--S143KTF02A01,zovi.com,Zovi Blush Pink Cowl Neck Top - Zovi Womens T Shirts And Casual Tops,Zovi Blush Pink Cowl Neck Top - Zovi Womens T Shirts And Casual Tops - Free Shipping. Easy Exchange. 30 Days Returns. Cash on Delivery.,['XS'  'S'  'M'  'L'  'XL'  'XXL'],<section id="product-detail"> <h2 id="product-title">Blush Pink Cowl Neck Top</h2> <p>Rejuvinate yourself in this hot weather with an outfit fit for the season. This sleeveless blush pink top features a cowl neck extended to the waist. Relax yourself along with a pair of polka dot palazzo pants and hot stilettos. </p><br>Fabric: 100% Viscose</br>Model Statistics: Height - 177 cm / 5 ft. 8 inches<br>Bust - 84 cm / 33 inches<br>Waist - 61 cm / 24 inches<br>Model is wearing size S <label class="care"> Care Instructions<span class="down-arrow"></span> <section id="washcare"> <ul> <li>Warm wash under 30 C</li> <li>Do not bleach</li> <li>Do not dry clean</li> <li>Do not tumble dry</li> <li>Dry Flat in shade</li> <li>Warm Iron</li> <li>Do not wring</li> </ul> </section> </label> </br></br></br></section>,,14:04:2014,
A133KTF82901,Carmine Rose Top With Side Lace Panel,http://zovi.com/womens-t-shirts-and-casual-tops?misc_ref_code=hp_seo_text,549,CASUAL TOPS,womens-t-shirts-and-casual-tops,zovi,http://d2zfu6byxx4psc.cloudfront.net/z/prod/w/2/g/p/A133KTF82901/1_c.jpg,549,pink,Women,http://zovi.com/carmine-rose-top-with-side-lace-panel--A133KTF82901,zovi.com,Zovi Carmine Rose Top With Side Lace Panel - Zovi Womens T Shirts And Casual Tops,Zovi Carmine Rose Top With Side Lace Panel - Zovi Womens T Shirts And Casual Tops - Free Shipping. Easy Exchange. 30 Days Returns. Cash on Delivery.,['S'  'M'  'L'  'XL'  'XXL'],<section id="product-detail"> <h2 id="product-title">Carmine Rose Top With Side Lace Panel</h2> <p> Somber or vivid  no matter what your style quotient is  here is a becoming carmine rose top  styled with three fourth sleeves  a round neck and lace panels on the front side in carmine rose. Combine this with skinny printed pants and a bejeweled clutch to make headlines. </p><br>Fabric: 100% Viscose </br>Model Statistics: Height - 176cm / 5.8 inches<br>Bust - 81 cm / 32 inches<br>Waist - 62.3cm / 24.5 inches<br>Model is wearing size XS <label class="care"> Care Instructions<span class="down-arrow"></span> <section id="washcare"> <ul> <li>Warm wash under 30 C</li> <li>Do not bleach</li> <li>Do not dry clean</li> <li>Do not tumble dry</li> <li>Dry Flat in shade</li> <li>Warm Iron</li> <li>Do not wring</li> </ul> </section> </label> </br></br></br></section>,,14:04:2014,
S143KTF02201,Deep Purple Overlap Front Top,http://zovi.com/womens-t-shirts-and-casual-tops?misc_ref_code=hp_seo_text,649,CASUAL TOPS,womens-t-shirts-and-casual-tops,zovi,http://d2zfu6byxx4psc.cloudfront.net/z/prod/w/2/g/p/S143KTF02201/1_c.jpg,649,purple,Women,http://zovi.com/deep-purple-overlap-front-top--S143KTF02201,zovi.com,Zovi Deep Purple Overlap Front Top - Zovi Womens T Shirts And Casual Tops,Zovi Deep Purple Overlap Front Top - Zovi Womens T Shirts And Casual Tops - Free Shipping. Easy Exchange. 30 Days Returns. Cash on Delivery.,['XS'  'S'  'M'  'L'  'XL'  'XXL'],<section id="product-detail"> <h2 id="product-title">Deep Purple Overlap Front Top</h2> <p>Make some fashion magic this very hot hot summer. This deep purple top has an overlap on the front  shawl collar and three-fourth sleeves. This summer  you are the envy of every girlfriend. Wear this dress with white jeans and beige kitten heels. </p><br>Fabric: 100% Cotton</br> Model Statistics: Height - 176 cm / 5 ft. 7 inches<br>Bust - 85 cm / 33 inches<br>Waist - 59 cm / 23 inches <br>Model is wearing size S <label class="care"> Care Instructions<span class="down-arrow"></span> <section id="washcare"> <ul> <li>Warm wash under 30 C</li> <li>Do not bleach</li> <li>Do not dry clean</li> <li>Do not tumble dry</li> <li>Dry Flat in shade</li> <li>Warm Iron</li> <li>Do not wring</li> </ul> </section> </label> </br></br></br></section>,,14:04:2014,
S133KTF39703,Fuschia Peter Pan Collar Top With Sheer Sleeves,http://zovi.com/womens-t-shirts-and-casual-tops?misc_ref_code=hp_seo_text,479,CASUAL TOPS,womens-t-shirts-and-casual-tops,zovi,http://d2zfu6byxx4psc.cloudfront.net/z/prod/w/2/g/p/S133KTF39703/1_c.jpg,479,pink,Women,http://zovi.com/fuschia-peter-pan-collar-top-with-sheer-sleeves--S133KTF39703,zovi.com,Zovi Fuschia Peter Pan Collar Top With Sheer Sleeves - Zovi Womens T Shirts And Casual Tops,Zovi Fuschia Peter Pan Collar Top With Sheer Sleeves - Zovi Womens T Shirts And Casual Tops - Free Shipping. Easy Exchange. 30 Days Returns. Cash on Delivery.,['XS'  'S'  'M'  'L'  'XL'  'XXL'],<section id="product-detail"> <h2 id="product-title">Fuschia Peter Pan Collar Top With Sheer Sleeves</h2> <p> For a cozy dinner date with your BFF  this fuschia semi-fitted blouse will be your best wardrobe addition. This top is designed with a peter pan collar  cloth covered buttons and sheer cap sleeves. Make peppy your gloomy wardrobe by pairing this top with dark denims and boots. </p><br>Fabric: 100% Viscose </br>Model Statistics: Height - 178 cm / 5 ft. 8 inches<br>Bust - 82.5 cm / 32.5 inches<br>Waist - 68.5 cm / 27 inches<br>Model is wearing size XS <label class="care"> Care Instructions<span class="down-arrow"></span> <section id="washcare"> <ul> <li>Warm wash under 30 C</li> <li>Do not bleach</li> <li>Do not dry clean</li> <li>Do not tumble dry</li> <li>Dry Flat in shade</li> <li>Warm Iron</li> <li>Do not wring</li> </ul> </section> </label> </br></br></br></section>,,14:04:2014,
S133KTF80901,Red V-neck Top With Lace At Shoulders,http://zovi.com/womens-t-shirts-and-casual-tops?misc_ref_code=hp_seo_text,399,CASUAL TOPS,womens-t-shirts-and-casual-tops,zovi,http://d1n7si5t7mlegv.cloudfront.net/z/prod/w/2/g/p/S133KTF80901/23_c.jpg,399,red,Women,http://zovi.com/red-v-neck-top-with-lace-at-shoulders--S133KTF80901,zovi.com,Zovi Red V-neck Top With Lace At Shoulders - Zovi Womens T Shirts And Casual Tops,Zovi Red V-neck Top With Lace At Shoulders - Zovi Womens T Shirts And Casual Tops - Free Shipping. Easy Exchange. 30 Days Returns. Cash on Delivery.,['XS'  'S'  'M'  'L'  'XL'],<section id="product-detail"> <h2 id="product-title">Red V-neck Top With Lace At Shoulders</h2> <p>A red colour v-neck top for women. The top features batwing sleeves with lace inserts and a stylish loose fit. Style the top with ecru slim fit trousers and red heels for a stunning style statement.</p><b>Fabric: 100% Cotton</b><br>Fit: Relaxed<br>Model Statistics: Height - 178 cm / 5 ft. 10 inches.<br>                           &nbspBust; - 81 cm / 32 inches.<br>                           &nbspWaist; - 61 cm / 24 inches.<br>Model is wearing size XS. <label class="care"> Care Instructions<span class="down-arrow"></span> <section id="washcare"> <ul> <li>Warm wash under 30 C</li> <li>Do not bleach</li> <li>Do not dry clean</li> <li>Do not tumble dry</li> <li>Dry Flat in shade</li> <li>Warm Iron</li> <li>Do not wring</li> </ul> </section> </label> </br></br></br></br></br></section>,,14:04:2014,
A133KTF83401,Ebony Lace And Pleats Top,http://zovi.com/womens-t-shirts-and-casual-tops?misc_ref_code=hp_seo_text,599,CASUAL TOPS,womens-t-shirts-and-casual-tops,zovi,http://d1n7si5t7mlegv.cloudfront.net/z/prod/w/2/g/p/A133KTF83401/7_c.jpg,599,black,Women,http://zovi.com/ebony-lace-and-pleats-top--A133KTF83401,zovi.com,Zovi Ebony Lace And Pleats Top - Zovi Womens T Shirts And Casual Tops,Zovi Ebony Lace And Pleats Top - Zovi Womens T Shirts And Casual Tops - Free Shipping. Easy Exchange. 30 Days Returns. Cash on Delivery.,['S'  'M'  'L'],<section id="product-detail"> <h2 id="product-title">Ebony Lace And Pleats Top</h2> <p>Beat this uncertain weather with an outfit sure to be in vogue. This black top features lace yoke surrounded with pleats  an open placket and full sleeves. Create a fashion rage by combining it with the light blue denims and fancy black kitten heels. </p><br>Fabric: 100% Viscose</br>Model Statistics: Height - 175 cm / 5 ft. 7 inches<br>Bust - 81 cm / 32 inches<br>Waist - 61 cm / 24 inches<br>Model is wearing size XS <label class="care"> Care Instructions<span class="down-arrow"></span> <section id="washcare"> <ul> <li>Warm wash under 30 C</li> <li>Do not bleach</li> <li>Do not dry clean</li> <li>Do not tumble dry</li> <li>Dry Flat in shade</li> <li>Warm Iron</li> <li>Do not wring</li> </ul> </section> </label> </br></br></br></section>,,14:04:2014,
S143KTF71E02,Light Brown Cowl Neck And Double Panel Top,http://zovi.com/womens-t-shirts-and-casual-tops?misc_ref_code=hp_seo_text,499,CASUAL TOPS,womens-t-shirts-and-casual-tops,zovi,http://d1n7si5t7mlegv.cloudfront.net/z/prod/w/2/g/p/S143KTF71E02/1_c.jpg,499,brown,Women,http://zovi.com/light-brown-cowl-neck-and-double-panel-top--S143KTF71E02,zovi.com,Zovi Light Brown Cowl Neck And Double Panel Top - Zovi Womens T Shirts And Casual Tops,Zovi Light Brown Cowl Neck And Double Panel Top - Zovi Womens T Shirts And Casual Tops - Free Shipping. Easy Exchange. 30 Days Returns. Cash on Delivery.,['XS'  'S'  'M'  'L'  'XL'  'XXL'],<section id="product-detail"> <h2 id="product-title">Light Brown Cowl Neck And Double Panel Top</h2> <p>Rejuvinate yourself in this hot weather with an outfit fit for the season. This light brown top comes with a cowl neck  double panel on the front with mock buttons and elbow length sleeves. Relax yourself along with a pair of green pants and sneakers. </p><br>Fabric: 100% Viscose</br>Model Statistics: Height - 177 cm / 5 ft. 8 inches<br>Bust - 84 cm / 33 inches<br>Waist - 61 cm / 24 inches<br>Model is wearing size S <label class="care"> Care Instructions<span class="down-arrow"></span> <section id="washcare"> <ul> <li>Warm wash under 30 C</li> <li>Do not bleach</li> <li>Do not dry clean</li> <li>Do not tumble dry</li> <li>Dry Flat in shade</li> <li>Warm Iron</li> <li>Do not wring</li> </ul> </section> </label> </br></br></br></section>,,14:04:2014,
A133KTF83201,Spanish Red Sleeveless Top With Intricate White Lace,http://zovi.com/womens-t-shirts-and-casual-tops?misc_ref_code=hp_seo_text,399,CASUAL TOPS,womens-t-shirts-and-casual-tops,zovi,http://d1n7si5t7mlegv.cloudfront.net/z/prod/w/2/g/p/A133KTF83201/1_c.jpg,399,red,Women,http://zovi.com/spanish-red-sleeveless-top-with-intricate-white-lace--A133KTF83201,zovi.com,Zovi Spanish Red Sleeveless Top With Intricate White Lace - Zovi Womens T Shirts And Casual Tops,Zovi Spanish Red Sleeveless Top With Intricate White Lace - Zovi Womens T Shirts And Casual Tops - Free Shipping. Easy Exchange. 30 Days Returns. Cash on Delivery.,['XS'  'S'  'M'  'L'  'XL'  'XXL'],<section id="product-detail"> <h2 id="product-title">Spanish Red Sleeveless Top With Intricate White Lace</h2> <p>Beat this uncertain weather with an outfit sure to be in vogue. This sleeveless top in Spanish red has been impeccably designed with intricate white lace around the neckline with a button on the nape of the neck and 5 inch cap sleeves. Create a fashion rage by combining it with dark blue denims and fancy white kitten heels. </p><br>Fabric: 100% Cotton</br>Model Statistics: Height - 175 cm / 5 ft. 7 inches<br>Bust - 81 cm / 32 inches<br>Waist - 61 cm / 24 inches<br>Model is wearing size XS <label class="care"> Care Instructions<span class="down-arrow"></span> <section id="washcare"> <ul> <li>Warm wash under 30 C</li> <li>Do not bleach</li> <li>Do not dry clean</li> <li>Do not tumble dry</li> <li>Dry Flat in shade</li> <li>Warm Iron</li> <li>Do not wring</li> </ul> </section> </label> </br></br></br></section>,,14:04:2014,
S133KTF80B01,Purple Sleeveless Top With Pleated Neck,http://zovi.com/womens-t-shirts-and-casual-tops?misc_ref_code=hp_seo_text,314,CASUAL TOPS,womens-t-shirts-and-casual-tops,zovi,http://d1n7si5t7mlegv.cloudfront.net/z/prod/w/2/g/p/S133KTF80B01/1_c.jpg,314,purple,Women,http://zovi.com/purple-sleeveless-top-with-pleated-neck--S133KTF80B01,zovi.com,Zovi Purple Sleeveless Top With Pleated Neck - Zovi Womens T Shirts And Casual Tops,Zovi Purple Sleeveless Top With Pleated Neck - Zovi Womens T Shirts And Casual Tops - Free Shipping. Easy Exchange. 30 Days Returns. Cash on Delivery.,['XS'  'S'  'M'  'L'  'XL'  'XXL'],<section id="product-detail"> <h2 id="product-title">Purple Sleeveless Top With Pleated Neck</h2> <p> A purple sleeveless top for women. The easy silhouette top features stylish pleat details at neckline and loose box pleats in front. The top is a stunning match to your denim shorts and heels.</p><b>Fabric: 100% Viscose</b><br>Fit: Semi-Fitted<br>Model Statistics: Height - 178 cm / 5 ft. 10 inches.<br>                           &nbspBust; - 81 cm / 32 inches.<br>                           &nbspWaist; - 61 cm / 24 inches.<br>Model is wearing size XS. <label class="care"> Care Instructions<span class="down-arrow"></span> <section id="washcare"> <ul> <li>Warm wash under 30 C</li> <li>Do not bleach</li> <li>Do not dry clean</li> <li>Do not tumble dry</li> <li>Dry Flat in shade</li> <li>Warm Iron</li> <li>Do not wring</li> </ul> </section> </label> </br></br></br></br></br></section>,,14:04:2014,
A133KTF82101,Coffee Brown Lace Cowl Neck Top,http://zovi.com/womens-t-shirts-and-casual-tops?misc_ref_code=hp_seo_text,399,CASUAL TOPS,womens-t-shirts-and-casual-tops,zovi,http://d1n7si5t7mlegv.cloudfront.net/z/prod/w/2/g/p/A133KTF82101/7_c.jpg,399,brown,Women,http://zovi.com/coffee-brown-lace-cowl-neck-top--A133KTF82101,zovi.com,Zovi Coffee Brown Lace Cowl Neck Top - Zovi Womens T Shirts And Casual Tops,Zovi Coffee Brown Lace Cowl Neck Top - Zovi Womens T Shirts And Casual Tops - Free Shipping. Easy Exchange. 30 Days Returns. Cash on Delivery.,['XS'  'S'  'M'  'XL'],<section id="product-detail"> <h2 id="product-title">Coffee Brown Lace Cowl Neck Top</h2> <p>Get back to the basics with some lace enhancement. This casual yet à la mode top in coffee brown features fitted short sleeves  a cowl neck  magnified and decorated with intricate coffee brown lace. Party on along with a pair of skinny distressed jeans and hot stilettos. </p><br>Fabric: 100% Viscose</br>Model Statistics: Height - 177 cm / 5 ft. 8 inches<br>Bust - 84 cm / 33 inches<br>Waist - 71 cm / 28 inches<br>Model is wearing size S <label class="care"> Care Instructions<span class="down-arrow"></span> <section id="washcare"> <ul> <li>Warm wash under 30 C</li> <li>Do not bleach</li> <li>Do not dry clean</li> <li>Do not tumble dry</li> <li>Dry Flat in shade</li> <li>Warm Iron</li> <li>Do not wring</li> </ul> </section> </label> </br></br></br></section>,,14:04:2014,
A133KTF82A01,Half Sleeve Spanish Red And Carmine Pink Adventure Top,http://zovi.com/womens-t-shirts-and-casual-tops?misc_ref_code=hp_seo_text,314,CASUAL TOPS,womens-t-shirts-and-casual-tops,zovi,http://d1yvqnuw46gd8y.cloudfront.net/z/prod/w/2/g/p/A133KTF82A01/1_c.jpg,314,red,Women,http://zovi.com/half-sleeve-spanish-red-and-carmine-pink-adventure-top--A133KTF82A01,zovi.com,Zovi Half Sleeve Spanish Red And Carmine Pink Adventure Top - Zovi Womens T Shirts And Casual Tops,Zovi Half Sleeve Spanish Red And Carmine Pink Adventure Top - Zovi Womens T Shirts And Casual Tops - Free Shipping. Easy Exchange. 30 Days Returns. Cash on Delivery.,['XL'  'XXL'],<section id="product-detail"> <h2 id="product-title">Half Sleeve Spanish Red And Carmine Pink Adventure Top</h2> <p> When you can't decide what to wear on a spontaneous road trip  this top is the best choice. This spanish red top has a carmine rose ribbed neck  sleeve cuff and bottom band. Pair it with dark denims and sneakers  and put the car into high gear. </p><br>Fabric: 100% Viscose </br>Model Statistics: Height - 177 cm / 5 ft. 8 inches<br>Bust - 83 cm / 33 inches<br>Waist - 68.58 cm / 23 inches<br>Model is wearing size XS <label class="care"> Care Instructions<span class="down-arrow"></span> <section id="washcare"> <ul> <li>Warm wash under 30 C</li> <li>Do not bleach</li> <li>Do not dry clean</li> <li>Do not tumble dry</li> <li>Dry Flat in shade</li> <li>Warm Iron</li> <li>Do not wring</li> </ul> </section> </label> </br></br></br></section>,,14:04:2014,
A12CKTF02902,Red Plain Stretch Womens Top,http://zovi.com/womens-t-shirts-and-casual-tops?misc_ref_code=hp_seo_text,359,CASUAL TOPS,womens-t-shirts-and-casual-tops,zovi,http://d1yvqnuw46gd8y.cloudfront.net/z/prod/w/2/g/p/A12CKTF02902/1_c.jpg,359,red,Women,http://zovi.com/red-plain-stretch-womens-top--A12CKTF02902,zovi.com,Zovi Red Plain Stretch Womens Top - Zovi Womens T Shirts And Casual Tops,Zovi Red Plain Stretch Womens Top - Zovi Womens T Shirts And Casual Tops - Free Shipping. Easy Exchange. 30 Days Returns. Cash on Delivery.,['M'  'L'],<section id="product-detail"> <h2 id="product-title">Red Plain Stretch Womens Top</h2> <p>It features a V neckline with raw edge detailing that adds to the charm of this top. You can pair this versatile top with almost anything. Dress it up with a tailored jacket and a statement necklace. </p><b>Fabric: Combed cotton / Elastane</b> <label class="care"> Care Instructions<span class="down-arrow"></span> <section id="washcare"> <ul> <li>Warm wash under 30 C</li> <li>Do not bleach</li> <li>Do not dry clean</li> <li>Do not tumble dry</li> <li>Dry Flat in shade</li> <li>Warm Iron</li> <li>Do not wring</li> </ul> </section> </label> </section>,,14:04:2014,
A133KTF01101,Tunic With Flower Applique,http://zovi.com/womens-t-shirts-and-casual-tops?misc_ref_code=hp_seo_text,479,CASUAL TOPS,womens-t-shirts-and-casual-tops,zovi,http://d2zfu6byxx4psc.cloudfront.net/z/prod/w/2/g/p/A133KTF01101/1_c.jpg,479,purple,Women,http://zovi.com/tunic-with-flower-applique--A133KTF01101,zovi.com,Zovi Tunic With Flower Applique - Zovi Womens T Shirts And Casual Tops,Zovi Tunic With Flower Applique - Zovi Womens T Shirts And Casual Tops - Free Shipping. Easy Exchange. 30 Days Returns. Cash on Delivery.,['M'  'XL'],<section id="product-detail"> <h2 id="product-title">Tunic With Flower Applique</h2> <p>An elegant purple coloured top featuring a round neck and three-fourth sleeves. It is designed with flower embellishment in the front. Don the top with denims for stylish outing.</p><b>Fabric: 100% VIscose</b><br>Fit: Relaxed<br>Model Statistics: Height - 173 cm / 5 ft. 7 inches<br>Bust - 84 cm / 33 inches<br>Waist - 64 cm / 25 inches<br>Model is wearing size XS <label class="care"> Care Instructions<span class="down-arrow"></span> <section id="washcare"> <ul> <li>Warm wash under 30 C</li> <li>Do not bleach</li> <li>Do not dry clean</li> <li>Do not tumble dry</li> <li>Dry Flat in shade</li> <li>Warm Iron</li> <li>Do not wring</li> </ul> </section> </label> </br></br></br></br></br></section>,,14:04:2014,
A133KTF00801,Front Overlapping Top With One Side Ruching,http://zovi.com/womens-t-shirts-and-casual-tops?misc_ref_code=hp_seo_text,479,CASUAL TOPS,womens-t-shirts-and-casual-tops,zovi,http://d1n7si5t7mlegv.cloudfront.net/z/prod/w/2/g/p/A133KTF00801/1_c.jpg,479,yellow,Women,http://zovi.com/front-overlapping-top-with-one-side-ruching--A133KTF00801,zovi.com,Zovi Front Overlapping Top With One Side Ruching - Zovi Womens T Shirts And Casual Tops,Zovi Front Overlapping Top With One Side Ruching - Zovi Womens T Shirts And Casual Tops - Free Shipping. Easy Exchange. 30 Days Returns. Cash on Delivery.,['L'  'XL'],<section id="product-detail"> <h2 id="product-title">Front Overlapping Top With One Side Ruching</h2> <p>An stylish mustard front overlapping top featuring a V neck. The top features one side ruching and overlap in front . The top also features gather at one side and three-fourth sleeves. Pair the top with denims for stylish outing. </p><b>Fabric: 100% Cotton Single Jersey</b><br>Fit: Semi-Fitted<br> <label class="care"> Care Instructions<span class="down-arrow"></span> <section id="washcare"> <ul> <li>Warm wash under 30 C</li> <li>Do not bleach</li> <li>Do not dry clean</li> <li>Do not tumble dry</li> <li>Dry Flat in shade</li> <li>Warm Iron</li> <li>Do not wring</li> </ul> </section> </label> </br></br></section>,,14:04:2014,
A12CKTF02705,Cranes V-neck Top,http://zovi.com/womens-t-shirts-and-casual-tops?misc_ref_code=hp_seo_text,399,CASUAL TOPS,womens-t-shirts-and-casual-tops,zovi,http://d1n7si5t7mlegv.cloudfront.net/z/prod/w/2/g/p/A12CKTF02705/1_c.jpg,399,yellow,Women,http://zovi.com/cranes-v-neck-top--A12CKTF02705,zovi.com,Zovi Cranes V-neck Top - Zovi Womens T Shirts And Casual Tops,Zovi Cranes V-neck Top - Zovi Womens T Shirts And Casual Tops - Free Shipping. Easy Exchange. 30 Days Returns. Cash on Delivery.,['M'  'L'],<section id="product-detail"> <h2 id="product-title">Cranes V-neck Top</h2> <p>V-Neck Puff Sleeves Tees in vivid designs; they go great with almost anything! They also have a stretchable welt at the bottom that gives the tee a stylish feel.</p><b>Fabric: 100% Viscose Jersey</b> <label class="care"> Care Instructions<span class="down-arrow"></span> <section id="washcare"> <ul> <li>Warm wash under 30 C</li> <li>Do not bleach</li> <li>Do not dry clean</li> <li>Do not tumble dry</li> <li>Dry Flat in shade</li> <li>Warm Iron</li> <li>Do not wring</li> </ul> </section> </label> </section>,,14:04:2014,
S143KTF02101,Cobalt Blue And Blush Pink Colour Block Top,http://zovi.com/womens-t-shirts-and-casual-tops?misc_ref_code=hp_seo_text,549,CASUAL TOPS,womens-t-shirts-and-casual-tops,zovi,http://d1n7si5t7mlegv.cloudfront.net/z/prod/w/2/g/p/S143KTF02101/7_c.jpg,549,blue,Women,http://zovi.com/cobalt-blue-and-blush-pink-colour-block-top--S143KTF02101,zovi.com,Zovi Cobalt Blue And Blush Pink Colour Block Top - Zovi Womens T Shirts And Casual Tops,Zovi Cobalt Blue And Blush Pink Colour Block Top - Zovi Womens T Shirts And Casual Tops - Free Shipping. Easy Exchange. 30 Days Returns. Cash on Delivery.,['M'  'L'  'XL'  'XXL'],<section id="product-detail"> <h2 id="product-title">Cobalt Blue And Blush Pink Colour Block Top</h2> <p>Back to the basics with an ultimate twist. This funky and bright colour block top in cobalt blue and blush pink features a twist detail in the shoulder  cowl neck and short sleeves. Party on along with a pair of skinny distressed jeans and hot stilettos. </p><br>Fabric: 100% Viscose</br>Model Statistics: Height - 177 cm / 5 ft. 8 inches<br>Bust - 84 cm / 33 inches<br>Waist - 61 cm / 24 inches<br>Model is wearing size S <label class="care"> Care Instructions<span class="down-arrow"></span> <section id="washcare"> <ul> <li>Warm wash under 30 C</li> <li>Do not bleach</li> <li>Do not dry clean</li> <li>Do not tumble dry</li> <li>Dry Flat in shade</li> <li>Warm Iron</li> <li>Do not wring</li> </ul> </section> </label> </br></br></br></section>,,14:04:2014,
A12CKTF02A07,Royal Blue Plain Stretch Womens Top,http://zovi.com/womens-t-shirts-and-casual-tops?misc_ref_code=hp_seo_text,359,CASUAL TOPS,womens-t-shirts-and-casual-tops,zovi,http://d1n7si5t7mlegv.cloudfront.net/z/prod/w/2/g/p/A12CKTF02A07/1_c.jpg,359,blue,Women,http://zovi.com/royal-blue-plain-stretch-womens-top--A12CKTF02A07,zovi.com,Zovi Royal Blue Plain Stretch Womens Top - Zovi Womens T Shirts And Casual Tops,Zovi Royal Blue Plain Stretch Womens Top - Zovi Womens T Shirts And Casual Tops - Free Shipping. Easy Exchange. 30 Days Returns. Cash on Delivery.,['M'  'L'],<section id="product-detail"> <h2 id="product-title">Royal Blue Plain Stretch Womens Top</h2> <p>It features a V neckline with raw edge detailing that adds to the charm of this top. You can pair this versatile top with almost anything. Dress it up with a tailored jacket and a statement necklace. </p><b>Fabric: Combed cotton / Elastane</b> <label class="care"> Care Instructions<span class="down-arrow"></span> <section id="washcare"> <ul> <li>Warm wash under 30 C</li> <li>Do not bleach</li> <li>Do not dry clean</li> <li>Do not tumble dry</li> <li>Dry Flat in shade</li> <li>Warm Iron</li> <li>Do not wring</li> </ul> </section> </label> </section>,,14:04:2014,
S143KTF01902,Teal And Wine Colour Block Top With Shoulder Loops,http://zovi.com/womens-t-shirts-and-casual-tops?misc_ref_code=hp_seo_text,549,CASUAL TOPS,womens-t-shirts-and-casual-tops,zovi,http://d2zfu6byxx4psc.cloudfront.net/z/prod/w/2/g/p/S143KTF01902/1_c.jpg,549,blue,Women,http://zovi.com/teal-and-wine-colour-block-top-with-shoulder-loops--S143KTF01902,zovi.com,Zovi Teal And Wine Colour Block Top With Shoulder Loops - Zovi Womens T Shirts And Casual Tops,Zovi Teal And Wine Colour Block Top With Shoulder Loops - Zovi Womens T Shirts And Casual Tops - Free Shipping. Easy Exchange. 30 Days Returns. Cash on Delivery.,['M'  'L'  'XL'],<section id="product-detail"> <h2 id="product-title">Teal And Wine Colour Block Top With Shoulder Loops</h2> <p>Back to the basics with an ultimate twist. This teal top has a wine colour block around the front  V-neck  a golden epaulet detail on the shoulder loops and three-fourth sleeves. Party on along with a pair of skinny distressed jeans and hot stilettos. </p><br>Fabric: 100% Viscose</br>Model Statistics: Height - 177 cm / 5 ft. 8 inches<br>Bust - 84 cm / 33 inches<br>Waist - 71 cm / 28 inches<br>Model is wearing size S <label class="care"> Care Instructions<span class="down-arrow"></span> <section id="washcare"> <ul> <li>Warm wash under 30 C</li> <li>Do not bleach</li> <li>Do not dry clean</li> <li>Do not tumble dry</li> <li>Dry Flat in shade</li> <li>Warm Iron</li> <li>Do not wring</li> </ul> </section> </label> </br></br></br></section>,,14:04:2014,
A133KTF81C01,Persian Green Lengthy Ragged Edge Front Top,http://zovi.com/womens-t-shirts-and-casual-tops?misc_ref_code=hp_seo_text,549,CASUAL TOPS,womens-t-shirts-and-casual-tops,zovi,http://d2zfu6byxx4psc.cloudfront.net/z/prod/w/2/g/p/A133KTF81C01/1_c.jpg,549,green,Women,http://zovi.com/persian-green-lengthy-ragged-edge-front-top--A133KTF81C01,zovi.com,Zovi Persian Green Lengthy Ragged Edge Front Top - Zovi Womens T Shirts And Casual Tops,Zovi Persian Green Lengthy Ragged Edge Front Top - Zovi Womens T Shirts And Casual Tops - Free Shipping. Easy Exchange. 30 Days Returns. Cash on Delivery.,['S'  'M'],<section id="product-detail"> <h2 id="product-title">Persian Green Lengthy Ragged Edge Front Top</h2> <p>Upgrade and modernise your western wear with a top sure to make eyes pop. This lengthy elegant and contemporary top in persian green has been styled with a ragged edge front  gathers on the sides and three-fourth sleeves. Mix and match it with a pair of printed trousers and a pair of bejeweled shoes. </p><br>Fabric: 100% Viscose</br>Model Statistics: Height - 177 cm / 5 ft. 8 inches<br>Bust - 84 cm / 33 inches<br>Waist - 71 cm / 28 inches<br>Model is wearing size S <label class="care"> Care Instructions<span class="down-arrow"></span> <section id="washcare"> <ul> <li>Warm wash under 30 C</li> <li>Do not bleach</li> <li>Do not dry clean</li> <li>Do not tumble dry</li> <li>Dry Flat in shade</li> <li>Warm Iron</li> <li>Do not wring</li> </ul> </section> </label> </br></br></br></section>,,14:04:2014,
S133KTF80802,Black Lace Back Top,http://zovi.com/womens-t-shirts-and-casual-tops?misc_ref_code=hp_seo_text,449,CASUAL TOPS,womens-t-shirts-and-casual-tops,zovi,http://d1yvqnuw46gd8y.cloudfront.net/z/prod/w/2/g/p/S133KTF80802/7_c.jpg,449,black,Women,http://zovi.com/black-lace-back-top--S133KTF80802,zovi.com,Zovi Black Lace Back Top - Zovi Womens T Shirts And Casual Tops,Zovi Black Lace Back Top - Zovi Womens T Shirts And Casual Tops - Free Shipping. Easy Exchange. 30 Days Returns. Cash on Delivery.,['M'  'L'],<section id="product-detail"> <h2 id="product-title">Black Lace Back Top</h2> <p> Pretty eyelets add an extra feminine touch to this black top that will nicely complement your skirts and pants. Mandarin collar and button detailed front that leads to a banded elastic bottom. It also features cap sleeves with an intricate lace on the top quarter of the back. It's a perfect first date top. </p><br>Fabric: 100% Cotton </br>Model Statistics: Height - 175 cm / 5 ft. 7 inches<br>Bust - 83 cm / 33 inches<br>Waist - 58 cm / 23 inches<br>Model is wearing size XS <label class="care"> Care Instructions<span class="down-arrow"></span> <section id="washcare"> <ul> <li>Warm wash under 30 C</li> <li>Do not bleach</li> <li>Do not dry clean</li> <li>Do not tumble dry</li> <li>Dry Flat in shade</li> <li>Warm Iron</li> <li>Do not wring</li> </ul> </section> </label> </br></br></br></section>,,14:04:2014,
A133KTF82601,Jade Green Front Overlap Long Sleeved Top,http://zovi.com/womens-t-shirts-and-casual-tops?misc_ref_code=hp_seo_text,439,CASUAL TOPS,womens-t-shirts-and-casual-tops,zovi,http://d1n7si5t7mlegv.cloudfront.net/z/prod/w/2/g/p/A133KTF82601/1_c.jpg,439,green,Women,http://zovi.com/jade-green-front-overlap-long-sleeved-top--A133KTF82601,zovi.com,Zovi Jade Green Front Overlap Long Sleeved Top - Zovi Womens T Shirts And Casual Tops,Zovi Jade Green Front Overlap Long Sleeved Top - Zovi Womens T Shirts And Casual Tops - Free Shipping. Easy Exchange. 30 Days Returns. Cash on Delivery.,['XS'  'S'  'M'  'XL'],<section id="product-detail"> <h2 id="product-title">Jade Green Front Overlap Long Sleeved Top</h2> <p> For a cozy dinner date with your BFF  this jade green semi-fitted blouse will be your best wardrobe addition. This top is designed with a deep V neck  long sleeves and an overlap on the front. Make peppy your gloomy wardrobe by pairing this top with dark denims and boots. </p><br>Fabric: 100% Viscose </br>Model Statistics: Height - 178 cm / 5 ft. 8 inches<br>Bust - 82.5 cm / 32.5 inches<br>Waist - 68.5 cm / 27 inches<br>Model is wearing size XS <label class="care"> Care Instructions<span class="down-arrow"></span> <section id="washcare"> <ul> <li>Warm wash under 30 C</li> <li>Do not bleach</li> <li>Do not dry clean</li> <li>Do not tumble dry</li> <li>Dry Flat in shade</li> <li>Warm Iron</li> <li>Do not wring</li> </ul> </section> </label> </br></br></br></section>,,14:04:2014,
