S12AACE01609,Deer,http://zovi.com/mens-accessories?misc_ref_code=hp_seo_text,339,ACCESSORIES,mens-laptop-skins,zovi,http://d1n7si5t7mlegv.cloudfront.net/z/prod/w/2/g/p/S12AACE01609/1_c.jpg,339,black,Men,http://zovi.com/deer--S12AACE01609,zovi.com,Zovi Deer - Zovi Mens Laptop Skins,Zovi Deer - Zovi Mens Laptop Skins - Free Shipping. Easy Exchange. 30 Days Returns. Cash on Delivery.,['14'],<section id="product-detail"> <h2 id="product-title">Deer</h2> <p>The funky and colourful laptop skin will even protect your notebook against abrasion and damage. We use only well-tested materials and printing technologies. The laptop skins are easy to remove and there is no residue whatsoever.</p> Fits laptops upto 15.6 inches <label class="care"> Care Instructions<span class="down-arrow"></span> <section id="washcare"> </section> </label> </section>,,14:04:2014,
A12AACE00109,Disney Daisy Duck,http://zovi.com/mens-accessories?misc_ref_code=hp_seo_text,299,ACCESSORIES,mens-laptop-skins,zovi,http://d1n7si5t7mlegv.cloudfront.net/z/prod/w/2/g/p/A12AACE00109/1_c.jpg,299,black,Men,http://zovi.com/disney-daisy-duck--A12AACE00109,zovi.com,Zovi Disney Daisy Duck - Zovi Mens Laptop Skins,Zovi Disney Daisy Duck - Zovi Mens Laptop Skins - Free Shipping. Easy Exchange. 30 Days Returns. Cash on Delivery.,['14'],<section id="product-detail"> <h2 id="product-title">Disney Daisy Duck</h2> <p>The funky and colourful laptop skin will even protect your notebook against abrasion and damage. We use only well-tested materials and printing technologies. The laptop skins are easy to remove and there is no residue whatsoever.</p> Fits laptops upto 15.6 inches <label class="care"> Care Instructions<span class="down-arrow"></span> <section id="washcare"> </section> </label> </section>,,14:04:2014,
A13AACE00100,Disney Angry Mickey,http://zovi.com/mens-accessories?misc_ref_code=hp_seo_text,299,ACCESSORIES,mens-laptop-skins,zovi,http://d1yvqnuw46gd8y.cloudfront.net/z/prod/w/2/g/p/A13AACE00100/1_c.jpg,299,multicolor,Men,http://zovi.com/disney-angry-mickey--A13AACE00100,zovi.com,Zovi Disney Angry Mickey - Zovi Mens Laptop Skins,Zovi Disney Angry Mickey - Zovi Mens Laptop Skins - Free Shipping. Easy Exchange. 30 Days Returns. Cash on Delivery.,['14'],<section id="product-detail"> <h2 id="product-title">Disney Angry Mickey</h2> <p>An extremely stylish laptop skin with super neat finish. Revamp your laptop with a graphic zing. Our Laptop skins will even protect your notebook against abrasion and damage. These laptop skins are easy to remove and there is no residue whatsoever.</p>Fits laptops upto 15.6 inches <label class="care"> Care Instructions<span class="down-arrow"></span> <section id="washcare"> </section> </label> </section>,,14:04:2014,
A12AACE00810,Disney Moods Of Mickey,http://zovi.com/mens-accessories?misc_ref_code=hp_seo_text,299,ACCESSORIES,mens-laptop-skins,zovi,http://d1n7si5t7mlegv.cloudfront.net/z/prod/w/2/g/p/A12AACE00810/1_c.jpg,299,white,Men,http://zovi.com/disney-moods-of-mickey--A12AACE00810,zovi.com,Zovi Disney Moods Of Mickey - Zovi Mens Laptop Skins,Zovi Disney Moods Of Mickey - Zovi Mens Laptop Skins - Free Shipping. Easy Exchange. 30 Days Returns. Cash on Delivery.,['14'],<section id="product-detail"> <h2 id="product-title">Disney Moods Of Mickey</h2> <p>The funky and colourful laptop skin will even protect your notebook against abrasion and damage. We use only well-tested materials and printing technologies. The laptop skins are easy to remove and there is no residue whatsoever.</p> Fits laptops upto 15.6 inches <label class="care"> Care Instructions<span class="down-arrow"></span> <section id="washcare"> </section> </label> </section>,,14:04:2014,
A12AACE00710,Disney Minnie Mouse,http://zovi.com/mens-accessories?misc_ref_code=hp_seo_text,299,ACCESSORIES,mens-laptop-skins,zovi,http://d2zfu6byxx4psc.cloudfront.net/z/prod/w/2/g/p/A12AACE00710/1_c.jpg,299,white,Men,http://zovi.com/disney-minnie-mouse--A12AACE00710,zovi.com,Zovi Disney Minnie Mouse - Zovi Mens Laptop Skins,Zovi Disney Minnie Mouse - Zovi Mens Laptop Skins - Free Shipping. Easy Exchange. 30 Days Returns. Cash on Delivery.,['14'],<section id="product-detail"> <h2 id="product-title">Disney Minnie Mouse</h2> <p>The funky and colourful laptop skin will even protect your notebook against abrasion and damage. We use only well-tested materials and printing technologies. The laptop skins are easy to remove and there is no residue whatsoever.</p> Fits laptops upto 15.6 inches <label class="care"> Care Instructions<span class="down-arrow"></span> <section id="washcare"> </section> </label> </section>,,14:04:2014,
A12AACE00409,Disney Lets Rock,http://zovi.com/mens-accessories?misc_ref_code=hp_seo_text,299,ACCESSORIES,mens-laptop-skins,zovi,http://d1n7si5t7mlegv.cloudfront.net/z/prod/w/2/g/p/A12AACE00409/1_c.jpg,299,multicolor,Men,http://zovi.com/disney-lets-rock--A12AACE00409,zovi.com,Zovi Disney Lets Rock - Zovi Mens Laptop Skins,Zovi Disney Lets Rock - Zovi Mens Laptop Skins - Free Shipping. Easy Exchange. 30 Days Returns. Cash on Delivery.,['14'],<section id="product-detail"> <h2 id="product-title">Disney Lets Rock</h2> <p>The funky and colourful laptop skin will even protect your notebook against abrasion and damage. We use only well-tested materials and printing technologies. The laptop skins are easy to remove and there is no residue whatsoever.</p> Fits laptops upto 15.6 inches <label class="care"> Care Instructions<span class="down-arrow"></span> <section id="washcare"> </section> </label> </section>,,14:04:2014,
A12AACE00605,Disney Mickey Mouse,http://zovi.com/mens-accessories?misc_ref_code=hp_seo_text,299,ACCESSORIES,mens-laptop-skins,zovi,http://d2zfu6byxx4psc.cloudfront.net/z/prod/w/2/g/p/A12AACE00605/1_c.jpg,299,yellow,Men,http://zovi.com/disney-mickey-mouse--A12AACE00605,zovi.com,Zovi Disney Mickey Mouse - Zovi Mens Laptop Skins,Zovi Disney Mickey Mouse - Zovi Mens Laptop Skins - Free Shipping. Easy Exchange. 30 Days Returns. Cash on Delivery.,['14'],<section id="product-detail"> <h2 id="product-title">Disney Mickey Mouse</h2> <p>The funky and colourful laptop skin will even protect your notebook against abrasion and damage. We use only well-tested materials and printing technologies. The laptop skins are easy to remove and there is no residue whatsoever.</p> Fits laptops upto 15.6 inches <label class="care"> Care Instructions<span class="down-arrow"></span> <section id="washcare"> </section> </label> </section>,,14:04:2014,
S147WAM01A02,Textured Brown Leather Wallet,http://zovi.com/mens-accessories?misc_ref_code=hp_seo_text,449,ACCESSORIES,mens-wallets,zovi,http://d1yvqnuw46gd8y.cloudfront.net/z/prod/w/2/g/p/S147WAM01A02/1_c.jpg,449,brown,Men,http://zovi.com/textured-brown-leather-wallet--S147WAM01A02,zovi.com,Zovi Textured Brown Leather Wallet - Zovi Mens Wallets,Zovi Textured Brown Leather Wallet - Zovi Mens Wallets - Free Shipping. Easy Exchange. 30 Days Returns. Cash on Delivery.,['STD'],<section id="product-detail"> <h2 id="product-title">Textured Brown Leather Wallet</h2> <p>Success and power needs to be well maintained and here is a wallet that is worthy of these traits. This semi-formal wallet in complete textured dark brown has a net barrier to separate the cash bills. This wallet is designed with multiple compartments to accomodate cash bills  cards and coins. </p> <b>Material : Outer - Genuine Leather</b><br>Dimensions (Bi-fold): 4.8 X 4 inches. <label class="care"> Care Instructions<span class="down-arrow"></span> <section id="washcare"> <ul> <li>Wipe down your entire wallet with anti bacterial disinfectant wipes.</li> <li>Rub down your leather wallet with a leather cleaner on a soft cloth. Make sure to scrub the folds and cracks of your wallet the best that you can.</li> <li>Condition your wallet using the same cloth on a different spot. Apply the leather conditioner liberally and let it soak into the leather.</li> <li>After your wallet has completely dried  replace all of your credit cards  cash  photos  and other papers you may have.</li> </ul> </section> </label> </br></section>,,14:04:2014,
A137WAM00601,Sneak A Peak Printed Wallet,http://zovi.com/mens-accessories?misc_ref_code=hp_seo_text,314,ACCESSORIES,mens-wallets,zovi,http://d1n7si5t7mlegv.cloudfront.net/z/prod/w/2/g/p/A137WAM00601/1_c.jpg,314,red,Men,http://zovi.com/sneak-a-peak-printed-wallet--A137WAM00601,zovi.com,Zovi Sneak A Peak Printed Wallet - Zovi Mens Wallets,Zovi Sneak A Peak Printed Wallet - Zovi Mens Wallets - Free Shipping. Easy Exchange. 30 Days Returns. Cash on Delivery.,['STD'],<section id="product-detail"> <h2 id="product-title">Sneak A Peak Printed Wallet</h2> <p>An ultra-modern dual-coloured men's wallet. This semi-formal wallet is designed with a sneaking skull image  behind striped lines. This wallet is designed with multiple compartments to accomodate cash bills  cards and coins. </p> <b>Material : Outer - Printed Upper Canvas and Inside - Leather</b><br>Dimensions (Bi-fold): 4.8 X 4 inches. <label class="care"> Care Instructions<span class="down-arrow"></span> <section id="washcare"> <ul> <li>Wipe down your entire wallet with anti bacterial disinfectant wipes.</li> <li>Rub down your leather wallet with a leather cleaner on a soft cloth. Make sure to scrub the folds and cracks of your wallet the best that you can.</li> <li>Condition your wallet using the same cloth on a different spot. Apply the leather conditioner liberally and let it soak into the leather.</li> <li>After your wallet has completely dried  replace all of your credit cards  cash  photos  and other papers you may have.</li> </ul> </section> </label> </br></section>,,14:04:2014,
A12AACE00510,Disney Me Know It All,http://zovi.com/mens-accessories?misc_ref_code=hp_seo_text,299,ACCESSORIES,mens-laptop-skins,zovi,http://d2zfu6byxx4psc.cloudfront.net/z/prod/w/2/g/p/A12AACE00510/1_c.jpg,299,white,Men,http://zovi.com/disney-me-know-it-all--A12AACE00510,zovi.com,Zovi Disney Me Know It All - Zovi Mens Laptop Skins,Zovi Disney Me Know It All - Zovi Mens Laptop Skins - Free Shipping. Easy Exchange. 30 Days Returns. Cash on Delivery.,['14'],<section id="product-detail"> <h2 id="product-title">Disney Me Know It All</h2> <p>The funky and colourful laptop skin will even protect your notebook against abrasion and damage. We use only well-tested materials and printing technologies. The laptop skins are easy to remove and there is no residue whatsoever.</p> Fits laptops upto 15.6 inches <label class="care"> Care Instructions<span class="down-arrow"></span> <section id="washcare"> </section> </label> </section>,,14:04:2014,
S137BAM55501,Red And Black Gym Bag With Piping Details,http://zovi.com/mens-accessories?misc_ref_code=hp_seo_text,382,ACCESSORIES,mens-bags,zovi,http://d2zfu6byxx4psc.cloudfront.net/z/prod/w/2/g/p/S137BAM55501/1_c.jpg,382,red,Men,http://zovi.com/red-and-black-gym-bag-with-piping-details--S137BAM55501,zovi.com,Zovi Red And Black Gym Bag With Piping Details - Zovi Mens Bags,Zovi Red And Black Gym Bag With Piping Details - Zovi Mens Bags - Free Shipping. Easy Exchange. 30 Days Returns. Cash on Delivery.,['STD'],<section id="product-detail"> <h2 id="product-title">Red And Black Gym Bag With Piping Details</h2> <p>A trendy red and black colour gym bag. The very useful and stylish gym bag features cut and sew pattern with piping details. It has solid strap with adjuster. The bag is extremely spacious and easily accommodates all your essentials a you hit for your workout session.</p><b>Material: 100 Nylon</b><br>Length: 18 inches; Width: 9 inches; Height: 9 inches <label class="care"> Care Instructions<span class="down-arrow"></span> <section id="washcare"> <ul> <li>Wipe down your entire bag with anti bacterial disinfectant wipes.</li> <li>Rub down your leather bag with a leather cleaner on a soft cloth. Make sure to scrub the folds and cracks of your bag the best that you can.</li> <li>Condition your bag using the same cloth on a different spot. Apply the leather conditioner liberally and let it soak into the leather.</li> <li>After your bag has completely dried  replace all essentials in the bag.</li> </ul> </section> </label> </br></section>,,14:04:2014,
A137BLM00C01,Black With Center Stripe Leather Belt,http://zovi.com/mens-accessories?misc_ref_code=hp_seo_text,399,ACCESSORIES,mens-belts,zovi,http://d2zfu6byxx4psc.cloudfront.net/z/prod/w/2/g/p/A137BLM00C01/1_c.jpg,399,black,Men,http://zovi.com/black-with-center-stripe-leather-belt--A137BLM00C01,zovi.com,Zovi Black With Center Stripe Leather Belt - Zovi Mens Belts,Zovi Black With Center Stripe Leather Belt - Zovi Mens Belts - Free Shipping. Easy Exchange. 30 Days Returns. Cash on Delivery.,['S'  'M'  'L'],<section id="product-detail"> <h2 id="product-title">Black With Center Stripe Leather Belt</h2> <p>Lock your pants into tight  fashion mode with a unique canvas casual belt. This black leather belt has a metal buckle and a light brown stripe running through the center. This casual belt can transform your simplest of looks  to the trendiest  when worn with a plain tee and jeans.</p>Metal Buckle<br><br>Width : 40 mm. <label class="care"> Care Instructions<span class="down-arrow"></span> <section id="washcare"> <ul> <li>Remove dirt or spills from your leather belt promptly. To remove dust or dirt  brush the belt gently with a soft-bristled tooth brush or shoe brush.</li> <li>Soak up spills on the belt with a clean  absorbent cloth. Use a damp cloth if spills are anything other than water. Dry the belt immediately with a dry cloth.</li> <li>Let the belt hang dry (straight down  with the buckle attached to a hook on the wall or in a closet) before you wear it again.</li> <li>Use leather lotion every three months or more frequently if you wear the same belt every day</li> </ul> </section> </label> </br></br></section>,,14:04:2014,
A137BLM00901,Grey And Navy Stripe Canvas Belt,http://zovi.com/mens-accessories?misc_ref_code=hp_seo_text,299,ACCESSORIES,mens-belts,zovi,http://d1n7si5t7mlegv.cloudfront.net/z/prod/w/2/g/p/A137BLM00901/12_c.jpg,299,gray,Men,http://zovi.com/grey-and-navy-stripe-canvas-belt--A137BLM00901,zovi.com,Zovi Grey And Navy Stripe Canvas Belt - Zovi Mens Belts,Zovi Grey And Navy Stripe Canvas Belt - Zovi Mens Belts - Free Shipping. Easy Exchange. 30 Days Returns. Cash on Delivery.,['S'  'M'  'L'],<section id="product-detail"> <h2 id="product-title">Grey And Navy Stripe Canvas Belt</h2> <p>Lock your pants into tight  fashion mode with a unique canvas casual belt. This canvas webbing belt features grey and navy stripes with an antique finish metal buckle and a leather tipping. This casual belt can transform your simplest of looks  to the trendiest  when worn with a plain tee and jeans.</p> Antique Finish Metal Buckle<br><br>Width : 40 mm. <label class="care"> Care Instructions<span class="down-arrow"></span> <section id="washcare"> <ul> <li>Remove dirt or spills from your leather belt promptly. To remove dust or dirt  brush the belt gently with a soft-bristled tooth brush or shoe brush.</li> <li>Soak up spills on the belt with a clean  absorbent cloth. Use a damp cloth if spills are anything other than water. Dry the belt immediately with a dry cloth.</li> <li>Let the belt hang dry (straight down  with the buckle attached to a hook on the wall or in a closet) before you wear it again.</li> <li>Use leather lotion every three months or more frequently if you wear the same belt every day</li> </ul> </section> </label> </br></br></section>,,14:04:2014,
S147WAM01802,Dark Brown With Black Strip Leather Wallet,http://zovi.com/mens-accessories?misc_ref_code=hp_seo_text,399,ACCESSORIES,mens-wallets,zovi,http://d1yvqnuw46gd8y.cloudfront.net/z/prod/w/2/g/p/S147WAM01802/1_c.jpg,399,brown,Men,http://zovi.com/dark-brown-with-black-strip-leather-wallet--S147WAM01802,zovi.com,Zovi Dark Brown With Black Strip Leather Wallet - Zovi Mens Wallets,Zovi Dark Brown With Black Strip Leather Wallet - Zovi Mens Wallets - Free Shipping. Easy Exchange. 30 Days Returns. Cash on Delivery.,['STD'],<section id="product-detail"> <h2 id="product-title">Dark Brown With Black Strip Leather Wallet</h2> <p>Success and power needs to be well maintained and here is a wallet that is worthy of these traits. This semi-formal wallet is in dark brown with a black strip. This wallet is designed with multiple compartments to accomodate cash bills  cards and coins. </p> <b>Material : Outer - Genuine Leather</b><br>Dimensions (Bi-fold): 4.8 X 4 inches. <label class="care"> Care Instructions<span class="down-arrow"></span> <section id="washcare"> <ul> <li>Wipe down your entire wallet with anti bacterial disinfectant wipes.</li> <li>Rub down your leather wallet with a leather cleaner on a soft cloth. Make sure to scrub the folds and cracks of your wallet the best that you can.</li> <li>Condition your wallet using the same cloth on a different spot. Apply the leather conditioner liberally and let it soak into the leather.</li> <li>After your wallet has completely dried  replace all of your credit cards  cash  photos  and other papers you may have.</li> </ul> </section> </label> </br></section>,,14:04:2014,
A137BLM00301,Tan Cross Cross Weaving Canvas Casual Belt,http://zovi.com/mens-accessories?misc_ref_code=hp_seo_text,299,ACCESSORIES,mens-belts,zovi,http://d1yvqnuw46gd8y.cloudfront.net/z/prod/w/2/g/p/A137BLM00301/12_c.jpg,299,brown,Men,http://zovi.com/tan-cross-cross-weaving-canvas-casual-belt--A137BLM00301,zovi.com,Zovi Tan Cross Cross Weaving Canvas Casual Belt - Zovi Mens Belts,Zovi Tan Cross Cross Weaving Canvas Casual Belt - Zovi Mens Belts - Free Shipping. Easy Exchange. 30 Days Returns. Cash on Delivery.,['M'  'L'],<section id="product-detail"> <h2 id="product-title">Tan Cross Cross Weaving Canvas Casual Belt</h2> <p>Lock your pants into tight  fashion mode with a unique canvas casual belt. This canvas cross woven canvas belt in tan features an antique finish metal buckle and a leather tipping. This casual belt can transform your simplest of looks  to the trendiest  when worn with a plain tee and jeans.</p> Antique Finish Metal Buckle<br><br>Width : 40 mm. <label class="care"> Care Instructions<span class="down-arrow"></span> <section id="washcare"> <ul> <li>Remove dirt or spills from your leather belt promptly. To remove dust or dirt  brush the belt gently with a soft-bristled tooth brush or shoe brush.</li> <li>Soak up spills on the belt with a clean  absorbent cloth. Use a damp cloth if spills are anything other than water. Dry the belt immediately with a dry cloth.</li> <li>Let the belt hang dry (straight down  with the buckle attached to a hook on the wall or in a closet) before you wear it again.</li> <li>Use leather lotion every three months or more frequently if you wear the same belt every day</li> </ul> </section> </label> </br></br></section>,,14:04:2014,
A137BLM00F01,Black Single Side Formal Leather Belt,http://zovi.com/mens-accessories?misc_ref_code=hp_seo_text,399,ACCESSORIES,mens-belts,zovi,http://d1n7si5t7mlegv.cloudfront.net/z/prod/w/2/g/p/A137BLM00F01/1_c.jpg,399,black,Men,http://zovi.com/black-single-side-formal-leather-belt--A137BLM00F01,zovi.com,Zovi Black Single Side Formal Leather Belt - Zovi Mens Belts,Zovi Black Single Side Formal Leather Belt - Zovi Mens Belts - Free Shipping. Easy Exchange. 30 Days Returns. Cash on Delivery.,['S'  'M'  'L'],<section id="product-detail"> <h2 id="product-title">Black Single Side Formal Leather Belt</h2> <p>Lock your pants into tight  fashion mode with a unique canvas casual belt. This black leather belt has a metal buckle and can be worn as a single side formal belt. This casual belt can transform your simplest of looks  to the trendiest  when worn with a plain tee and jeans.</p>Metal Buckle<br><br>Width : 40 mm. <label class="care"> Care Instructions<span class="down-arrow"></span> <section id="washcare"> <ul> <li>Remove dirt or spills from your leather belt promptly. To remove dust or dirt  brush the belt gently with a soft-bristled tooth brush or shoe brush.</li> <li>Soak up spills on the belt with a clean  absorbent cloth. Use a damp cloth if spills are anything other than water. Dry the belt immediately with a dry cloth.</li> <li>Let the belt hang dry (straight down  with the buckle attached to a hook on the wall or in a closet) before you wear it again.</li> <li>Use leather lotion every three months or more frequently if you wear the same belt every day</li> </ul> </section> </label> </br></br></section>,,14:04:2014,
A137BLM00D01,Smooth Brown With Multiple Holes Leather Belt,http://zovi.com/mens-accessories?misc_ref_code=hp_seo_text,399,ACCESSORIES,mens-belts,zovi,http://d1yvqnuw46gd8y.cloudfront.net/z/prod/w/2/g/p/A137BLM00D01/1_c.jpg,399,brown,Men,http://zovi.com/smooth-brown-with-multiple-holes-leather-belt--A137BLM00D01,zovi.com,Zovi Smooth Brown With Multiple Holes Leather Belt - Zovi Mens Belts,Zovi Smooth Brown With Multiple Holes Leather Belt - Zovi Mens Belts - Free Shipping. Easy Exchange. 30 Days Returns. Cash on Delivery.,['S'  'M'  'L'],<section id="product-detail"> <h2 id="product-title">Smooth Brown With Multiple Holes Leather Belt</h2> <p>Lock your pants into tight  fashion mode with a unique canvas casual belt. This smooth brown leather belt has a metal buckle and multiple holes on the opposite end. This casual belt can transform your simplest of looks  to the trendiest  when worn with a plain tee and jeans.</p>Metal Buckle<br><br>Width : 40 mm. <label class="care"> Care Instructions<span class="down-arrow"></span> <section id="washcare"> <ul> <li>Remove dirt or spills from your leather belt promptly. To remove dust or dirt  brush the belt gently with a soft-bristled tooth brush or shoe brush.</li> <li>Soak up spills on the belt with a clean  absorbent cloth. Use a damp cloth if spills are anything other than water. Dry the belt immediately with a dry cloth.</li> <li>Let the belt hang dry (straight down  with the buckle attached to a hook on the wall or in a closet) before you wear it again.</li> <li>Use leather lotion every three months or more frequently if you wear the same belt every day</li> </ul> </section> </label> </br></br></section>,,14:04:2014,
A137BLM00201,Olive With Black Highlights Canvas Casual Belt,http://zovi.com/mens-accessories?misc_ref_code=hp_seo_text,299,ACCESSORIES,mens-belts,zovi,http://d1n7si5t7mlegv.cloudfront.net/z/prod/w/2/g/p/A137BLM00201/12_c.jpg,299,green,Men,http://zovi.com/olive-with-black-highlights-canvas-casual-belt--A137BLM00201,zovi.com,Zovi Olive With Black Highlights Canvas Casual Belt - Zovi Mens Belts,Zovi Olive With Black Highlights Canvas Casual Belt - Zovi Mens Belts - Free Shipping. Easy Exchange. 30 Days Returns. Cash on Delivery.,['S'  'M'  'L'],<section id="product-detail"> <h2 id="product-title">Olive With Black Highlights Canvas Casual Belt</h2> <p>Lock your pants into tight  fashion mode with a unique canvas casual belt. This canvas webbing canvas belt in olive green features black highlights  an antique finish metal buckle and a leather tipping. This casual belt can transform your simplest of looks  to the trendiest  when worn with a plain tee and jeans.</p> Antique Finish Metal Buckle<br><br>Width : 47 mm (speciality for denims). <label class="care"> Care Instructions<span class="down-arrow"></span> <section id="washcare"> <ul> <li>Remove dirt or spills from your leather belt promptly. To remove dust or dirt  brush the belt gently with a soft-bristled tooth brush or shoe brush.</li> <li>Soak up spills on the belt with a clean  absorbent cloth. Use a damp cloth if spills are anything other than water. Dry the belt immediately with a dry cloth.</li> <li>Let the belt hang dry (straight down  with the buckle attached to a hook on the wall or in a closet) before you wear it again.</li> <li>Use leather lotion every three months or more frequently if you wear the same belt every day</li> </ul> </section> </label> </br></br></section>,,14:04:2014,
A12AACE01309,Buddha Ganesh,http://zovi.com/mens-accessories?misc_ref_code=hp_seo_text,299,ACCESSORIES,mens-laptop-skins,zovi,http://d2zfu6byxx4psc.cloudfront.net/z/prod/w/2/g/p/A12AACE01309/1_c.jpg,299,black,Men,http://zovi.com/buddha-ganesh--A12AACE01309,zovi.com,Zovi Buddha Ganesh - Zovi Mens Laptop Skins,Zovi Buddha Ganesh - Zovi Mens Laptop Skins - Free Shipping. Easy Exchange. 30 Days Returns. Cash on Delivery.,['14'],<section id="product-detail"> <h2 id="product-title">Buddha Ganesh</h2> <p>The funky and colourful laptop skin will even protect your notebook against abrasion and damage. We use only well-tested materials and printing technologies. The laptop skins are easy to remove and there is no residue whatsoever.</p> Fits laptops upto 15.6 inches <label class="care"> Care Instructions<span class="down-arrow"></span> <section id="washcare"> </section> </label> </section>,,14:04:2014,
A137WAM00801,Live At Midnight Wallet,http://zovi.com/mens-accessories?misc_ref_code=hp_seo_text,262,ACCESSORIES,mens-wallets,zovi,http://d2zfu6byxx4psc.cloudfront.net/z/prod/w/2/g/p/A137WAM00801/7_c.jpg,262,multicolor,Men,http://zovi.com/live-at-midnight-wallet--A137WAM00801,zovi.com,Zovi Live At Midnight Wallet - Zovi Mens Wallets,Zovi Live At Midnight Wallet - Zovi Mens Wallets - Free Shipping. Easy Exchange. 30 Days Returns. Cash on Delivery.,['STD'],<section id="product-detail"> <h2 id="product-title">Live At Midnight Wallet</h2> <p>A stylish multi-coloured men's wallet. This semi-formal wallet features a vintage  film reel themed numbered print. The wallet is designed with multiple compartments to accomodate cash bills  cards and coins. </p> <b>Material : Outer - Printed Upper Canvas and Inside - Leather</b><br>Dimensions (Bi-fold): 4.8 X 4 inches. <label class="care"> Care Instructions<span class="down-arrow"></span> <section id="washcare"> <ul> <li>Wipe down your entire wallet with anti bacterial disinfectant wipes.</li> <li>Rub down your leather wallet with a leather cleaner on a soft cloth. Make sure to scrub the folds and cracks of your wallet the best that you can.</li> <li>Condition your wallet using the same cloth on a different spot. Apply the leather conditioner liberally and let it soak into the leather.</li> <li>After your wallet has completely dried  replace all of your credit cards  cash  photos  and other papers you may have.</li> </ul> </section> </label> </br></section>,,14:04:2014,
S147WAM01A03,Auburn Leather Wallet,http://zovi.com/mens-accessories?misc_ref_code=hp_seo_text,449,ACCESSORIES,mens-wallets,zovi,http://d1yvqnuw46gd8y.cloudfront.net/z/prod/w/2/g/p/S147WAM01A03/1_c.jpg,449,brown,Men,http://zovi.com/auburn-leather-wallet--S147WAM01A03,zovi.com,Zovi Auburn Leather Wallet - Zovi Mens Wallets,Zovi Auburn Leather Wallet - Zovi Mens Wallets - Free Shipping. Easy Exchange. 30 Days Returns. Cash on Delivery.,['STD'],<section id="product-detail"> <h2 id="product-title">Auburn Leather Wallet</h2> <p>Success and power needs to be well maintained and here is a wallet that is worthy of these traits. This semi-formal wallet in complete auburn brown has a net barrier to separate the cash bills and a vertical flap pouch. This wallet is designed with multiple compartments to accomodate cash bills  cards and coins. </p> <b>Material : Outer - Genuine Leather</b><br>Dimensions (Bi-fold): 4.8 X 4 inches. <label class="care"> Care Instructions<span class="down-arrow"></span> <section id="washcare"> <ul> <li>Wipe down your entire wallet with anti bacterial disinfectant wipes.</li> <li>Rub down your leather wallet with a leather cleaner on a soft cloth. Make sure to scrub the folds and cracks of your wallet the best that you can.</li> <li>Condition your wallet using the same cloth on a different spot. Apply the leather conditioner liberally and let it soak into the leather.</li> <li>After your wallet has completely dried  replace all of your credit cards  cash  photos  and other papers you may have.</li> </ul> </section> </label> </br></section>,,14:04:2014,
S147WAM01A01,Textured Ebony Leather Wallet,http://zovi.com/mens-accessories?misc_ref_code=hp_seo_text,449,ACCESSORIES,mens-wallets,zovi,http://d1yvqnuw46gd8y.cloudfront.net/z/prod/w/2/g/p/S147WAM01A01/1_c.jpg,449,black,Men,http://zovi.com/textured-ebony-leather-wallet--S147WAM01A01,zovi.com,Zovi Textured Ebony Leather Wallet - Zovi Mens Wallets,Zovi Textured Ebony Leather Wallet - Zovi Mens Wallets - Free Shipping. Easy Exchange. 30 Days Returns. Cash on Delivery.,['STD'],<section id="product-detail"> <h2 id="product-title">Textured Ebony Leather Wallet</h2> <p>Success and power needs to be well maintained and here is a wallet that is worthy of these traits. This semi-formal wallet in complete textured ebony has a net barrier to separate the cash bills. This wallet is designed with multiple compartments to accomodate cash bills  cards and coins. </p> <b>Material : Outer - Genuine Leather</b><br>Dimensions (Bi-fold): 4.8 X 4 inches. <label class="care"> Care Instructions<span class="down-arrow"></span> <section id="washcare"> <ul> <li>Wipe down your entire wallet with anti bacterial disinfectant wipes.</li> <li>Rub down your leather wallet with a leather cleaner on a soft cloth. Make sure to scrub the folds and cracks of your wallet the best that you can.</li> <li>Condition your wallet using the same cloth on a different spot. Apply the leather conditioner liberally and let it soak into the leather.</li> <li>After your wallet has completely dried  replace all of your credit cards  cash  photos  and other papers you may have.</li> </ul> </section> </label> </br></section>,,14:04:2014,
A137WAM00A01,Computer Keyboard Print Leather Wallet,http://zovi.com/mens-accessories?misc_ref_code=hp_seo_text,314,ACCESSORIES,mens-wallets,zovi,http://d2zfu6byxx4psc.cloudfront.net/z/prod/w/2/g/p/A137WAM00A01/1_c.jpg,314,black,Men,http://zovi.com/computer-keyboard-print-leather-wallet--A137WAM00A01,zovi.com,Zovi Computer Keyboard Print Leather Wallet - Zovi Mens Wallets,Zovi Computer Keyboard Print Leather Wallet - Zovi Mens Wallets - Free Shipping. Easy Exchange. 30 Days Returns. Cash on Delivery.,['STD'],<section id="product-detail"> <h2 id="product-title">Computer Keyboard Print Leather Wallet</h2> <p>A funky black  genuine leather wallet for men. This semi-formal wallet features a canvas exterior with keyboard design printing. The wallet has been constructed with spacious interiors to hold your cash safely and has ample pockets for cards.</p> <b>Material : Outer - Printed Canvas and Inside - Genuine Leather</b><br>Dimensions (Bi-fold): 4.8 X 4 inches. <label class="care"> Care Instructions<span class="down-arrow"></span> <section id="washcare"> <ul> <li>Wipe down your entire wallet with anti bacterial disinfectant wipes.</li> <li>Rub down your leather wallet with a leather cleaner on a soft cloth. Make sure to scrub the folds and cracks of your wallet the best that you can.</li> <li>Condition your wallet using the same cloth on a different spot. Apply the leather conditioner liberally and let it soak into the leather.</li> <li>After your wallet has completely dried  replace all of your credit cards  cash  photos  and other papers you may have.</li> </ul> </section> </label> </br></section>,,14:04:2014,
A137BLM00A01,Choco Brown And White Stripe Canvas Belt,http://zovi.com/mens-accessories?misc_ref_code=hp_seo_text,299,ACCESSORIES,mens-belts,zovi,http://d2zfu6byxx4psc.cloudfront.net/z/prod/w/2/g/p/A137BLM00A01/12_c.jpg,299,brown,Men,http://zovi.com/choco-brown-and-white-stripe-canvas-belt--A137BLM00A01,zovi.com,Zovi Choco Brown And White Stripe Canvas Belt - Zovi Mens Belts,Zovi Choco Brown And White Stripe Canvas Belt - Zovi Mens Belts - Free Shipping. Easy Exchange. 30 Days Returns. Cash on Delivery.,['S'  'M'  'L'],<section id="product-detail"> <h2 id="product-title">Choco Brown And White Stripe Canvas Belt</h2> <p>Lock your pants into tight  fashion mode with a unique canvas casual belt. This canvas webbing belt features choco brown and white stripes with an antique finish metal buckle and a leather tipping. This casual belt can transform your simplest of looks  to the trendiest  when worn with a plain tee and jeans.</p> Antique Finish Metal Buckle<br><br>Width : 40 mm. <label class="care"> Care Instructions<span class="down-arrow"></span> <section id="washcare"> <ul> <li>Remove dirt or spills from your leather belt promptly. To remove dust or dirt  brush the belt gently with a soft-bristled tooth brush or shoe brush.</li> <li>Soak up spills on the belt with a clean  absorbent cloth. Use a damp cloth if spills are anything other than water. Dry the belt immediately with a dry cloth.</li> <li>Let the belt hang dry (straight down  with the buckle attached to a hook on the wall or in a closet) before you wear it again.</li> <li>Use leather lotion every three months or more frequently if you wear the same belt every day</li> </ul> </section> </label> </br></br></section>,,14:04:2014,
A137BLM00B01,Dark Brown With Center Stripe Leather Belt,http://zovi.com/mens-accessories?misc_ref_code=hp_seo_text,399,ACCESSORIES,mens-belts,zovi,http://d1n7si5t7mlegv.cloudfront.net/z/prod/w/2/g/p/A137BLM00B01/1_c.jpg,399,brown,Men,http://zovi.com/dark-brown-with-center-stripe-leather-belt--A137BLM00B01,zovi.com,Zovi Dark Brown With Center Stripe Leather Belt - Zovi Mens Belts,Zovi Dark Brown With Center Stripe Leather Belt - Zovi Mens Belts - Free Shipping. Easy Exchange. 30 Days Returns. Cash on Delivery.,['S'  'M'  'L'],<section id="product-detail"> <h2 id="product-title">Dark Brown With Center Stripe Leather Belt</h2> <p>Lock your pants into tight  fashion mode with a unique canvas casual belt. This dark brown leather belt has a metal buckle and a light brown stripe running through the center. This casual belt can transform your simplest of looks  to the trendiest  when worn with a plain tee and jeans.</p>Metal Buckle<br><br>Width : 40 mm. <label class="care"> Care Instructions<span class="down-arrow"></span> <section id="washcare"> <ul> <li>Remove dirt or spills from your leather belt promptly. To remove dust or dirt  brush the belt gently with a soft-bristled tooth brush or shoe brush.</li> <li>Soak up spills on the belt with a clean  absorbent cloth. Use a damp cloth if spills are anything other than water. Dry the belt immediately with a dry cloth.</li> <li>Let the belt hang dry (straight down  with the buckle attached to a hook on the wall or in a closet) before you wear it again.</li> <li>Use leather lotion every three months or more frequently if you wear the same belt every day</li> </ul> </section> </label> </br></br></section>,,14:04:2014,
S147WAM01901,Black Textured Leather Wallet With Two Cash Bill Compartments,http://zovi.com/mens-accessories?misc_ref_code=hp_seo_text,399,ACCESSORIES,mens-wallets,zovi,http://d1n7si5t7mlegv.cloudfront.net/z/prod/w/2/g/p/S147WAM01901/1_c.jpg,399,black,Men,http://zovi.com/black-textured-leather-wallet-with-two-cash-bill-compartments--S147WAM01901,zovi.com,Zovi Black Textured Leather Wallet With Two Cash Bill Compartments - Zovi Mens Wallets,Zovi Black Textured Leather Wallet With Two Cash Bill Compartments - Zovi Mens Wallets - Free Shipping. Easy Exchange. 30 Days Returns. Cash on Delivery.,['STD'],<section id="product-detail"> <h2 id="product-title">Black Textured Leather Wallet With Two Cash Bill Compartments</h2> <p>Success and power needs to be well maintained and here is a wallet that is worthy of these traits. This semi-formal wallet in complete textured bistre has two cash bill compartments. This wallet is designed with multiple compartments to accomodate cash bills  cards and coins. </p> <b>Material : Outer - Genuine Leather</b><br>Dimensions (Bi-fold): 4.8 X 4 inches. <label class="care"> Care Instructions<span class="down-arrow"></span> <section id="washcare"> <ul> <li>Wipe down your entire wallet with anti bacterial disinfectant wipes.</li> <li>Rub down your leather wallet with a leather cleaner on a soft cloth. Make sure to scrub the folds and cracks of your wallet the best that you can.</li> <li>Condition your wallet using the same cloth on a different spot. Apply the leather conditioner liberally and let it soak into the leather.</li> <li>After your wallet has completely dried  replace all of your credit cards  cash  photos  and other papers you may have.</li> </ul> </section> </label> </br></section>,,14:04:2014,
S147WAM01603,Burgundy Leather Wallet With Flap And Snap Button,http://zovi.com/mens-accessories?misc_ref_code=hp_seo_text,399,ACCESSORIES,mens-wallets,zovi,http://d2zfu6byxx4psc.cloudfront.net/z/prod/w/2/g/p/S147WAM01603/1_c.jpg,399,brown,Men,http://zovi.com/burgundy-leather-wallet-with-flap-and-snap-button--S147WAM01603,zovi.com,Zovi Burgundy Leather Wallet With Flap And Snap Button - Zovi Mens Wallets,Zovi Burgundy Leather Wallet With Flap And Snap Button - Zovi Mens Wallets - Free Shipping. Easy Exchange. 30 Days Returns. Cash on Delivery.,['STD'],<section id="product-detail"> <h2 id="product-title">Burgundy Leather Wallet With Flap And Snap Button</h2> <p>Success and power needs to be well maintained and here is a wallet that is worthy of these traits. This semi-formal wallet in complete burgundy has a flap with a snap button on the outer to the secure the wallet. This wallet is designed with multiple compartments to accomodate cash bills  cards and coins. </p> <b>Material : Outer - Genuine Leather</b><br>Dimensions (Bi-fold): 4.8 X 4 inches. <label class="care"> Care Instructions<span class="down-arrow"></span> <section id="washcare"> <ul> <li>Wipe down your entire wallet with anti bacterial disinfectant wipes.</li> <li>Rub down your leather wallet with a leather cleaner on a soft cloth. Make sure to scrub the folds and cracks of your wallet the best that you can.</li> <li>Condition your wallet using the same cloth on a different spot. Apply the leather conditioner liberally and let it soak into the leather.</li> <li>After your wallet has completely dried  replace all of your credit cards  cash  photos  and other papers you may have.</li> </ul> </section> </label> </br></section>,,14:04:2014,
A137BLM00E01,Brown With White Thread Leather Belt,http://zovi.com/mens-accessories?misc_ref_code=hp_seo_text,399,ACCESSORIES,mens-belts,zovi,http://d1n7si5t7mlegv.cloudfront.net/z/prod/w/2/g/p/A137BLM00E01/1_c.jpg,399,brown,Men,http://zovi.com/brown-with-white-thread-leather-belt--A137BLM00E01,zovi.com,Zovi Brown With White Thread Leather Belt - Zovi Mens Belts,Zovi Brown With White Thread Leather Belt - Zovi Mens Belts - Free Shipping. Easy Exchange. 30 Days Returns. Cash on Delivery.,['S'  'M'  'L'],<section id="product-detail"> <h2 id="product-title">Brown With White Thread Leather Belt</h2> <p>Lock your pants into tight  fashion mode with a unique canvas casual belt. This brown leather belt has a metal buckle and white thread runinng parallel along the length of the belt. This casual belt can transform your simplest of looks  to the trendiest  when worn with a plain tee and jeans.</p>Metal Buckle<br><br>Width : 40 mm. <label class="care"> Care Instructions<span class="down-arrow"></span> <section id="washcare"> <ul> <li>Remove dirt or spills from your leather belt promptly. To remove dust or dirt  brush the belt gently with a soft-bristled tooth brush or shoe brush.</li> <li>Soak up spills on the belt with a clean  absorbent cloth. Use a damp cloth if spills are anything other than water. Dry the belt immediately with a dry cloth.</li> <li>Let the belt hang dry (straight down  with the buckle attached to a hook on the wall or in a closet) before you wear it again.</li> <li>Use leather lotion every three months or more frequently if you wear the same belt every day</li> </ul> </section> </label> </br></br></section>,,14:04:2014,
S127WAM88301,Rockstar Print Black Leather Wallet,http://zovi.com/mens-accessories?misc_ref_code=hp_seo_text,209,ACCESSORIES,mens-wallets,zovi,http://d2zfu6byxx4psc.cloudfront.net/z/prod/w/2/g/p/S127WAM88301/1_c.jpg,209,black,Men,http://zovi.com/rockstar-print-black-leather-wallet--S127WAM88301,zovi.com,Zovi Rockstar Print Black Leather Wallet - Zovi Mens Wallets,Zovi Rockstar Print Black Leather Wallet - Zovi Mens Wallets - Free Shipping. Easy Exchange. 30 Days Returns. Cash on Delivery.,['STD'],<section id="product-detail"> <h2 id="product-title">Rockstar Print Black Leather Wallet</h2> <p>Funky rock star print black leather wallet. Slim bifold design. Double bill compartments. Eight Credit card slots. Two slip pockets. Two id card windows. </p><b>Material:100% Genuine leather</b><br>Dimensions - 4.5 X 3.5 inches <label class="care"> Care Instructions<span class="down-arrow"></span> <section id="washcare"> <ul> <li>Wipe down your entire wallet with anti bacterial disinfectant wipes.</li> <li>Rub down your leather wallet with a leather cleaner on a soft cloth. Make sure to scrub the folds and cracks of your wallet the best that you can.</li> <li>Condition your wallet using the same cloth on a different spot. Apply the leather conditioner liberally and let it soak into the leather.</li> <li>After your wallet has completely dried  replace all of your credit cards  cash  photos  and other papers you may have.</li> </ul> </section> </label> </br></section>,,14:04:2014,
S127BAM45601,Drink Eat Sleep Printed Sling Laptop Bag,http://zovi.com/mens-accessories?misc_ref_code=hp_seo_text,679,ACCESSORIES,mens-bags,zovi,http://d1yvqnuw46gd8y.cloudfront.net/z/prod/w/2/g/p/S127BAM45601/1_c.jpg,679,grey,Men,http://zovi.com/drink-eat-sleep-printed-sling-laptop-bag--S127BAM45601,zovi.com,Zovi Drink Eat Sleep Printed Sling Laptop Bag - Zovi Mens Bags,Zovi Drink Eat Sleep Printed Sling Laptop Bag - Zovi Mens Bags - Free Shipping. Easy Exchange. 30 Days Returns. Cash on Delivery.,['STD'],<section id="product-detail"> <h2 id="product-title">Drink Eat Sleep Printed Sling Laptop Bag</h2> <p>A smart everyday use laptop bag perfect for work and weekend travels. Spacious main compartment with padded laptop compartment. Across the body strap and inner zip pocket. The bag has curved padded and adjustable shoulder straps.</p><b>Material: 100% nylon bag with PU trims.</b><br>Dimensions - Length : 12.5 inches; Width : 17 inches.<br>Fits upto 17 inches laptop. <label class="care"> Care Instructions<span class="down-arrow"></span> <section id="washcare"> <ul> <li>Wipe down your entire bag with anti bacterial disinfectant wipes.</li> <li>Rub down your leather bag with a leather cleaner on a soft cloth. Make sure to scrub the folds and cracks of your bag the best that you can.</li> <li>Condition your bag using the same cloth on a different spot. Apply the leather conditioner liberally and let it soak into the leather.</li> <li>After your bag has completely dried  replace all essentials in the bag.</li> </ul> </section> </label> </br></br></section>,,14:04:2014,
A12AAWM01C00,Black Leather Wallet,http://zovi.com/mens-accessories?misc_ref_code=hp_seo_text,594,ACCESSORIES,mens-wallets,zovi,http://d1yvqnuw46gd8y.cloudfront.net/z/prod/w/2/g/p/A12AAWM01C00/1_c.jpg,594,black,Men,http://zovi.com/black-leather-wallet--A12AAWM01C00,zovi.com,Zovi Black Leather Wallet - Zovi Mens Wallets,Zovi Black Leather Wallet - Zovi Mens Wallets - Free Shipping. Easy Exchange. 30 Days Returns. Cash on Delivery.,['STD'],<section id="product-detail"> <h2 id="product-title">Black Leather Wallet</h2> <p>A premium leather wallet for men. The wallet has ample space and multiple card slots to hold your cash and cards safely. </p><b>Material: Leather </b><br>Dimensions: Length - 23 cm |Width - 8 cm <label class="care"> Care Instructions<span class="down-arrow"></span> <section id="washcare"> <ul> <li>Wipe down your entire wallet with anti bacterial disinfectant wipes.</li> <li>Rub down your leather wallet with a leather cleaner on a soft cloth. Make sure to scrub the folds and cracks of your wallet the best that you can.</li> <li>Condition your wallet using the same cloth on a different spot. Apply the leather conditioner liberally and let it soak into the leather.</li> <li>After your wallet has completely dried  replace all of your credit cards  cash  photos  and other papers you may have.</li> </ul> </section> </label> </br></section>,,14:04:2014,
A137BLM00501,Choco Brown Cross Weaving Canvas Casual Belt,http://zovi.com/mens-accessories?misc_ref_code=hp_seo_text,299,ACCESSORIES,mens-belts,zovi,http://d1yvqnuw46gd8y.cloudfront.net/z/prod/w/2/g/p/A137BLM00501/12_c.jpg,299,brown,Men,http://zovi.com/choco-brown-cross-weaving-canvas-casual-belt--A137BLM00501,zovi.com,Zovi Choco Brown Cross Weaving Canvas Casual Belt - Zovi Mens Belts,Zovi Choco Brown Cross Weaving Canvas Casual Belt - Zovi Mens Belts - Free Shipping. Easy Exchange. 30 Days Returns. Cash on Delivery.,['S'  'M'  'L'],<section id="product-detail"> <h2 id="product-title">Choco Brown Cross Weaving Canvas Casual Belt</h2> <p>Lock your pants into tight  fashion mode with a unique canvas casual belt. This canvas cross woven canvas belt in choco brown features an antique finish metal buckle and a leather tipping. This casual belt can transform your simplest of looks  to the trendiest  when worn with a plain tee and jeans.</p> Antique Finish Metal Buckle<br><br>Width : 40 mm. <label class="care"> Care Instructions<span class="down-arrow"></span> <section id="washcare"> <ul> <li>Remove dirt or spills from your leather belt promptly. To remove dust or dirt  brush the belt gently with a soft-bristled tooth brush or shoe brush.</li> <li>Soak up spills on the belt with a clean  absorbent cloth. Use a damp cloth if spills are anything other than water. Dry the belt immediately with a dry cloth.</li> <li>Let the belt hang dry (straight down  with the buckle attached to a hook on the wall or in a closet) before you wear it again.</li> <li>Use leather lotion every three months or more frequently if you wear the same belt every day</li> </ul> </section> </label> </br></br></section>,,14:04:2014,
A137WAM00701,Live At Midnight Printed Wallet,http://zovi.com/mens-accessories?misc_ref_code=hp_seo_text,314,ACCESSORIES,mens-wallets,zovi,http://d1yvqnuw46gd8y.cloudfront.net/z/prod/w/2/g/p/A137WAM00701/7_c.jpg,314,multicolor,Men,http://zovi.com/live-at-midnight-printed-wallet--A137WAM00701,zovi.com,Zovi Live At Midnight Printed Wallet - Zovi Mens Wallets,Zovi Live At Midnight Printed Wallet - Zovi Mens Wallets - Free Shipping. Easy Exchange. 30 Days Returns. Cash on Delivery.,['STD'],<section id="product-detail"> <h2 id="product-title">Live At Midnight Printed Wallet</h2> <p>An ultra-modern multi-coloured men's wallet. This semi-formal wallet features a vintage  skull themed print. This wallet is designed with multiple compartments to accomodate cash bills  cards and coins. </p> <b>Material : Outer - Printed Upper Canvas and Inside - Leather</b><br>Dimensions (Bi-fold): 4.8 X 4 inches. <label class="care"> Care Instructions<span class="down-arrow"></span> <section id="washcare"> <ul> <li>Wipe down your entire wallet with anti bacterial disinfectant wipes.</li> <li>Rub down your leather wallet with a leather cleaner on a soft cloth. Make sure to scrub the folds and cracks of your wallet the best that you can.</li> <li>Condition your wallet using the same cloth on a different spot. Apply the leather conditioner liberally and let it soak into the leather.</li> <li>After your wallet has completely dried  replace all of your credit cards  cash  photos  and other papers you may have.</li> </ul> </section> </label> </br></section>,,14:04:2014,
S127WAM82703,Olive Wallet With Contrast Leather Patch At Corners,http://zovi.com/mens-accessories?misc_ref_code=hp_seo_text,299,ACCESSORIES,mens-wallets,zovi,http://d1n7si5t7mlegv.cloudfront.net/z/prod/w/2/g/p/S127WAM82703/1_c.jpg,299,green,Men,http://zovi.com/olive-wallet-with-contrast-leather-patch-at-corners--S127WAM82703,zovi.com,Zovi Olive Wallet With Contrast Leather Patch At Corners - Zovi Mens Wallets,Zovi Olive Wallet With Contrast Leather Patch At Corners - Zovi Mens Wallets - Free Shipping. Easy Exchange. 30 Days Returns. Cash on Delivery.,['STD'],<section id="product-detail"> <h2 id="product-title">Olive Wallet With Contrast Leather Patch At Corners</h2> <p>A stylish olive colour men's wallet. The formal wallet features contrast patch at corners of the wallet and stitch details. The wallet is designed with spacious interiors to hold your cash safely and has ample pockets and slips for your credit cards.</p> <b>Material : Outer - Tetron and Inside - Leather</b><br>Dimensions (Bi-fold): 4.8 X 4 inches. <label class="care"> Care Instructions<span class="down-arrow"></span> <section id="washcare"> <ul> <li>Wipe down your entire wallet with anti bacterial disinfectant wipes.</li> <li>Rub down your leather wallet with a leather cleaner on a soft cloth. Make sure to scrub the folds and cracks of your wallet the best that you can.</li> <li>Condition your wallet using the same cloth on a different spot. Apply the leather conditioner liberally and let it soak into the leather.</li> <li>After your wallet has completely dried  replace all of your credit cards  cash  photos  and other papers you may have.</li> </ul> </section> </label> </br></section>,,14:04:2014,
S127WAM72901,Black Crackle Print Leather Wallet,http://zovi.com/mens-accessories?misc_ref_code=hp_seo_text,209,ACCESSORIES,mens-wallets,zovi,http://d1yvqnuw46gd8y.cloudfront.net/z/prod/w/2/g/p/S127WAM72901/1_c.jpg,209,multicolor,Men,http://zovi.com/black-crackle-print-leather-wallet--S127WAM72901,zovi.com,Zovi Black Crackle Print Leather Wallet - Zovi Mens Wallets,Zovi Black Crackle Print Leather Wallet - Zovi Mens Wallets - Free Shipping. Easy Exchange. 30 Days Returns. Cash on Delivery.,['STD'],<section id="product-detail"> <h2 id="product-title">Black Crackle Print Leather Wallet</h2> <p>A sleek and stylish men's leather wallet. The wallet features vintage print with crackle effect titled Vintage Memories. This smart casual wallet compliments your relaxed casual wear in style. It has been designed with perfection to hold your cash and ample number of cards safely.</p><b>Material : 100% Genuine Leather</b><br>Dimensions - 4.3 X 3.7 inches <label class="care"> Care Instructions<span class="down-arrow"></span> <section id="washcare"> <ul> <li>Wipe down your entire wallet with anti bacterial disinfectant wipes.</li> <li>Rub down your leather wallet with a leather cleaner on a soft cloth. Make sure to scrub the folds and cracks of your wallet the best that you can.</li> <li>Condition your wallet using the same cloth on a different spot. Apply the leather conditioner liberally and let it soak into the leather.</li> <li>After your wallet has completely dried  replace all of your credit cards  cash  photos  and other papers you may have.</li> </ul> </section> </label> </br></section>,,14:04:2014,
S127BAM26301,Bottle Cork Printed Sling Laptop Bag,http://zovi.com/mens-accessories?misc_ref_code=hp_seo_text,424,ACCESSORIES,mens-bags,zovi,http://d1n7si5t7mlegv.cloudfront.net/z/prod/w/2/g/p/S127BAM26301/1_c.jpg,424,black,Men,http://zovi.com/bottle-cork-printed-sling-laptop-bag--S127BAM26301,zovi.com,Zovi Bottle Cork Printed Sling Laptop Bag - Zovi Mens Bags,Zovi Bottle Cork Printed Sling Laptop Bag - Zovi Mens Bags - Free Shipping. Easy Exchange. 30 Days Returns. Cash on Delivery.,['STD'],<section id="product-detail"> <h2 id="product-title">Bottle Cork Printed Sling Laptop Bag</h2> <p>A smart everyday use laptop bag perfect for work and weekend travels. Spacious main compartment with padded laptop compartment the laptop bag has across the body strap and inner zip pocket. The strap is curved padded and has adjustable shoulder straps.</p><b>Material: 100% nylon bag with PU trims.</b><br>Dimensions - Length : 12.5 inches; Width : 17 inches<br>Fits upto 17 inches laptop. <label class="care"> Care Instructions<span class="down-arrow"></span> <section id="washcare"> <ul> <li>Wipe down your entire bag with anti bacterial disinfectant wipes.</li> <li>Rub down your leather bag with a leather cleaner on a soft cloth. Make sure to scrub the folds and cracks of your bag the best that you can.</li> <li>Condition your bag using the same cloth on a different spot. Apply the leather conditioner liberally and let it soak into the leather.</li> <li>After your bag has completely dried  replace all essentials in the bag.</li> </ul> </section> </label> </br></br></section>,,14:04:2014,
A137BLM00801,Red And Navy Stripe Canvas Belt,http://zovi.com/mens-accessories?misc_ref_code=hp_seo_text,299,ACCESSORIES,mens-belts,zovi,http://d1n7si5t7mlegv.cloudfront.net/z/prod/w/2/g/p/A137BLM00801/12_c.jpg,299,blue,Men,http://zovi.com/red-and-navy-stripe-canvas-belt--A137BLM00801,zovi.com,Zovi Red And Navy Stripe Canvas Belt - Zovi Mens Belts,Zovi Red And Navy Stripe Canvas Belt - Zovi Mens Belts - Free Shipping. Easy Exchange. 30 Days Returns. Cash on Delivery.,['S'  'M'  'L'],<section id="product-detail"> <h2 id="product-title">Red And Navy Stripe Canvas Belt</h2> <p>Lock your pants into tight  fashion mode with a unique canvas casual belt. This canvas webbing belt features navy and red stripes with an antique finish metal buckle and a leather tipping. This casual belt can transform your simplest of looks  to the trendiest  when worn with a plain tee and jeans.</p> Antique Finish Metal Buckle<br><br>Width : 40 mm. <label class="care"> Care Instructions<span class="down-arrow"></span> <section id="washcare"> <ul> <li>Remove dirt or spills from your leather belt promptly. To remove dust or dirt  brush the belt gently with a soft-bristled tooth brush or shoe brush.</li> <li>Soak up spills on the belt with a clean  absorbent cloth. Use a damp cloth if spills are anything other than water. Dry the belt immediately with a dry cloth.</li> <li>Let the belt hang dry (straight down  with the buckle attached to a hook on the wall or in a closet) before you wear it again.</li> <li>Use leather lotion every three months or more frequently if you wear the same belt every day</li> </ul> </section> </label> </br></br></section>,,14:04:2014,
A137BLM00701,Tan And Navy Singular Stripe Canvas Belt,http://zovi.com/mens-accessories?misc_ref_code=hp_seo_text,299,ACCESSORIES,mens-belts,zovi,http://d2zfu6byxx4psc.cloudfront.net/z/prod/w/2/g/p/A137BLM00701/12_c.jpg,299,blue,Men,http://zovi.com/tan-and-navy-singular-stripe-canvas-belt--A137BLM00701,zovi.com,Zovi Tan And Navy Singular Stripe Canvas Belt - Zovi Mens Belts,Zovi Tan And Navy Singular Stripe Canvas Belt - Zovi Mens Belts - Free Shipping. Easy Exchange. 30 Days Returns. Cash on Delivery.,['M'  'L'],<section id="product-detail"> <h2 id="product-title">Tan And Navy Singular Stripe Canvas Belt</h2> <p>Lock your pants into tight  fashion mode with a unique canvas casual belt. This canvas webbing belt features a singular tan stripe on navy with an antique finish metal buckle and a leather tipping. This casual belt can transform your simplest of looks  to the trendiest  when worn with a plain tee and jeans.</p> Antique Finish Metal Buckle<br><br>Width : 40 mm. <label class="care"> Care Instructions<span class="down-arrow"></span> <section id="washcare"> <ul> <li>Remove dirt or spills from your leather belt promptly. To remove dust or dirt  brush the belt gently with a soft-bristled tooth brush or shoe brush.</li> <li>Soak up spills on the belt with a clean  absorbent cloth. Use a damp cloth if spills are anything other than water. Dry the belt immediately with a dry cloth.</li> <li>Let the belt hang dry (straight down  with the buckle attached to a hook on the wall or in a closet) before you wear it again.</li> <li>Use leather lotion every three months or more frequently if you wear the same belt every day</li> </ul> </section> </label> </br></br></section>,,14:04:2014,
S147WAM01902,Bistre Textured Leather Wallet With Two Cash Bill Compartments,http://zovi.com/mens-accessories?misc_ref_code=hp_seo_text,399,ACCESSORIES,mens-wallets,zovi,http://d1yvqnuw46gd8y.cloudfront.net/z/prod/w/2/g/p/S147WAM01902/1_c.jpg,399,brown,Men,http://zovi.com/bistre-textured-leather-wallet-with-two-cash-bill-compartments--S147WAM01902,zovi.com,Zovi Bistre Textured Leather Wallet With Two Cash Bill Compartments - Zovi Mens Wallets,Zovi Bistre Textured Leather Wallet With Two Cash Bill Compartments - Zovi Mens Wallets - Free Shipping. Easy Exchange. 30 Days Returns. Cash on Delivery.,['STD'],<section id="product-detail"> <h2 id="product-title">Bistre Textured Leather Wallet With Two Cash Bill Compartments</h2> <p>Success and power needs to be well maintained and here is a wallet that is worthy of these traits. This semi-formal wallet in complete textured bistre has two cash bill compartments. This wallet is designed with multiple compartments to accomodate cash bills  cards and coins. </p> <b>Material : Outer - Genuine Leather</b><br>Dimensions (Bi-fold): 4.8 X 4 inches. <label class="care"> Care Instructions<span class="down-arrow"></span> <section id="washcare"> <ul> <li>Wipe down your entire wallet with anti bacterial disinfectant wipes.</li> <li>Rub down your leather wallet with a leather cleaner on a soft cloth. Make sure to scrub the folds and cracks of your wallet the best that you can.</li> <li>Condition your wallet using the same cloth on a different spot. Apply the leather conditioner liberally and let it soak into the leather.</li> <li>After your wallet has completely dried  replace all of your credit cards  cash  photos  and other papers you may have.</li> </ul> </section> </label> </br></section>,,14:04:2014,
A137BLM00101,Brown With Black Highlights Canvas Casual Belt,http://zovi.com/mens-accessories?misc_ref_code=hp_seo_text,299,ACCESSORIES,mens-belts,zovi,http://d1n7si5t7mlegv.cloudfront.net/z/prod/w/2/g/p/A137BLM00101/12_c.jpg,299,brown,Men,http://zovi.com/brown-with-black-highlights-canvas-casual-belt--A137BLM00101,zovi.com,Zovi Brown With Black Highlights Canvas Casual Belt - Zovi Mens Belts,Zovi Brown With Black Highlights Canvas Casual Belt - Zovi Mens Belts - Free Shipping. Easy Exchange. 30 Days Returns. Cash on Delivery.,['S'  'M'  'L'],<section id="product-detail"> <h2 id="product-title">Brown With Black Highlights Canvas Casual Belt</h2> <p>Lock your pants into tight  fashion mode with a unique canvas casual belt. This canvas webbing canvas belt in brown features black highlights  an antique finish metal buckle and a leather tipping. This casual belt can transform your simplest of looks  to the trendiest  when worn with a plain tee and jeans.</p> Antique Finish Metal Buckle<br><br>Width : 47 mm (speciality for denims). <label class="care"> Care Instructions<span class="down-arrow"></span> <section id="washcare"> <ul> <li>Remove dirt or spills from your leather belt promptly. To remove dust or dirt  brush the belt gently with a soft-bristled tooth brush or shoe brush.</li> <li>Soak up spills on the belt with a clean  absorbent cloth. Use a damp cloth if spills are anything other than water. Dry the belt immediately with a dry cloth.</li> <li>Let the belt hang dry (straight down  with the buckle attached to a hook on the wall or in a closet) before you wear it again.</li> <li>Use leather lotion every three months or more frequently if you wear the same belt every day</li> </ul> </section> </label> </br></br></section>,,14:04:2014,
S147WAM01601,Black Leather Wallet With Flap And Snap Button,http://zovi.com/mens-accessories?misc_ref_code=hp_seo_text,399,ACCESSORIES,mens-wallets,zovi,http://d1n7si5t7mlegv.cloudfront.net/z/prod/w/2/g/p/S147WAM01601/1_c.jpg,399,black,Men,http://zovi.com/black-leather-wallet-with-flap-and-snap-button--S147WAM01601,zovi.com,Zovi Black Leather Wallet With Flap And Snap Button - Zovi Mens Wallets,Zovi Black Leather Wallet With Flap And Snap Button - Zovi Mens Wallets - Free Shipping. Easy Exchange. 30 Days Returns. Cash on Delivery.,['STD'],<section id="product-detail"> <h2 id="product-title">Black Leather Wallet With Flap And Snap Button</h2> <p>Success and power needs to be well maintained and here is a wallet that is worthy of these traits. This semi-formal wallet in complete black has a flap with a snap button on the outer to the secure the wallet. This wallet is designed with multiple compartments to accomodate cash bills  cards and coins. </p> <b>Material : Outer - Genuine Leather</b><br>Dimensions (Bi-fold): 4.8 X 4 inches. <label class="care"> Care Instructions<span class="down-arrow"></span> <section id="washcare"> <ul> <li>Wipe down your entire wallet with anti bacterial disinfectant wipes.</li> <li>Rub down your leather wallet with a leather cleaner on a soft cloth. Make sure to scrub the folds and cracks of your wallet the best that you can.</li> <li>Condition your wallet using the same cloth on a different spot. Apply the leather conditioner liberally and let it soak into the leather.</li> <li>After your wallet has completely dried  replace all of your credit cards  cash  photos  and other papers you may have.</li> </ul> </section> </label> </br></section>,,14:04:2014,
S147WAM01701,Textured Jet Black Leather Wallet,http://zovi.com/mens-accessories?misc_ref_code=hp_seo_text,399,ACCESSORIES,mens-wallets,zovi,http://d2zfu6byxx4psc.cloudfront.net/z/prod/w/2/g/p/S147WAM01701/1_c.jpg,399,black,Men,http://zovi.com/textured-jet-black-leather-wallet--S147WAM01701,zovi.com,Zovi Textured Jet Black Leather Wallet - Zovi Mens Wallets,Zovi Textured Jet Black Leather Wallet - Zovi Mens Wallets - Free Shipping. Easy Exchange. 30 Days Returns. Cash on Delivery.,['STD'],<section id="product-detail"> <h2 id="product-title">Textured Jet Black Leather Wallet</h2> <p>Success and power needs to be well maintained and here is a wallet that is worthy of these traits. This semi-formal wallet is in textured jet black. This wallet is designed with multiple compartments to accomodate cash bills  cards and coins. </p> <b>Material : Outer - Genuine Leather</b><br>Dimensions (Bi-fold): 4.8 X 4 inches. <label class="care"> Care Instructions<span class="down-arrow"></span> <section id="washcare"> <ul> <li>Wipe down your entire wallet with anti bacterial disinfectant wipes.</li> <li>Rub down your leather wallet with a leather cleaner on a soft cloth. Make sure to scrub the folds and cracks of your wallet the best that you can.</li> <li>Condition your wallet using the same cloth on a different spot. Apply the leather conditioner liberally and let it soak into the leather.</li> <li>After your wallet has completely dried  replace all of your credit cards  cash  photos  and other papers you may have.</li> </ul> </section> </label> </br></section>,,14:04:2014,
S127BLM56001,Brown Stripe Webbing Canvas Belt,http://zovi.com/mens-accessories?misc_ref_code=hp_seo_text,244,ACCESSORIES,mens-belts,zovi,http://d1yvqnuw46gd8y.cloudfront.net/z/prod/w/2/g/p/S127BLM56001/16_c.jpg,244,brown,Men,http://zovi.com/brown-stripe-webbing-canvas-belt--S127BLM56001,zovi.com,Zovi Brown Stripe Webbing Canvas Belt - Zovi Mens Belts,Zovi Brown Stripe Webbing Canvas Belt - Zovi Mens Belts - Free Shipping. Easy Exchange. 30 Days Returns. Cash on Delivery.,['S'  'M'  'L'],<section id="product-detail"> <h2 id="product-title">Brown Stripe Webbing Canvas Belt</h2> <p>A casual brown stripe canvas belt for men. The canvas webbing belt features stylish multi-coloured stripe and antique silver finish clasp buckle. The canvas casual belt styles perfectly with knee length shorts and non lace canvas shoes.</p>Polyester Webbing Iron Buckle in Antique Silver Finish<br><b> Vintage Dull Finish of the buckle is the intrinsic design quality of this Belt</b><br>Width : 40 mm. <label class="care"> Care Instructions<span class="down-arrow"></span> <section id="washcare"> <ul> <li>Remove dirt or spills from your leather belt promptly. To remove dust or dirt  brush the belt gently with a soft-bristled tooth brush or shoe brush.</li> <li>Soak up spills on the belt with a clean  absorbent cloth. Use a damp cloth if spills are anything other than water. Dry the belt immediately with a dry cloth.</li> <li>Let the belt hang dry (straight down  with the buckle attached to a hook on the wall or in a closet) before you wear it again.</li> <li>Use leather lotion every three months or more frequently if you wear the same belt every day</li> </ul> </section> </label> </br></br></section>,,14:04:2014,
S147WAM01702,Sepia Brown Smooth Leather Wallet,http://zovi.com/mens-accessories?misc_ref_code=hp_seo_text,399,ACCESSORIES,mens-wallets,zovi,http://d1yvqnuw46gd8y.cloudfront.net/z/prod/w/2/g/p/S147WAM01702/1_c.jpg,399,brown,Men,http://zovi.com/sepia-brown-smooth-leather-wallet--S147WAM01702,zovi.com,Zovi Sepia Brown Smooth Leather Wallet - Zovi Mens Wallets,Zovi Sepia Brown Smooth Leather Wallet - Zovi Mens Wallets - Free Shipping. Easy Exchange. 30 Days Returns. Cash on Delivery.,['STD'],<section id="product-detail"> <h2 id="product-title">Sepia Brown Smooth Leather Wallet</h2> <p>Success and power needs to be well maintained and here is a wallet that is worthy of these traits. This semi-formal wallet is in smooth sepia brown. This wallet is designed with multiple compartments to accomodate cash bills  cards and coins. </p> <b>Material : Outer - Genuine Leather</b><br>Dimensions (Bi-fold): 4.8 X 4 inches. <label class="care"> Care Instructions<span class="down-arrow"></span> <section id="washcare"> <ul> <li>Wipe down your entire wallet with anti bacterial disinfectant wipes.</li> <li>Rub down your leather wallet with a leather cleaner on a soft cloth. Make sure to scrub the folds and cracks of your wallet the best that you can.</li> <li>Condition your wallet using the same cloth on a different spot. Apply the leather conditioner liberally and let it soak into the leather.</li> <li>After your wallet has completely dried  replace all of your credit cards  cash  photos  and other papers you may have.</li> </ul> </section> </label> </br></section>,,14:04:2014,
S127TIM91001,Grey And White Striped Silk Tie,http://zovi.com/mens-accessories?misc_ref_code=hp_seo_text,599,ACCESSORIES,mens-ties,zovi,http://d1yvqnuw46gd8y.cloudfront.net/z/prod/w/2/g/p/S127TIM91001/6_c.jpg,599,grey,Men,http://zovi.com/grey-and-white-striped-silk-tie--S127TIM91001,zovi.com,Zovi Grey And White Striped Silk Tie - Zovi Mens Ties,Zovi Grey And White Striped Silk Tie - Zovi Mens Ties - Free Shipping. Easy Exchange. 30 Days Returns. Cash on Delivery.,['STD'],<section id="product-detail"> <h2 id="product-title">Grey And White Striped Silk Tie</h2> <p>A bright colored necktie with modern diagonal striped design pattern.</p><ul><li><b>Pure Silk Tie</b>.</li><li>Grey silk tie with white and blue diagonal stripes.</li><li>Will go best with solid white dress shirt and a navy  or charcoal gray suit.</li><li>Dimensions 8 cms X 148 cms.</li></ul> <label class="care"> Care Instructions<span class="down-arrow"></span> <section id="washcare"> <ul> <li>Do not expose a silk tie to water.</li> <li>Use a white paper towel to dab a small amount of stain remover onto the stain  blot with the paper towel.</li> <li>Have the tie professionally dry-cleaned if you haven't gotten rid of the stain.</li> <li>For anything greasy  sprinkle a little talcum powder or corn starch on the spot as soon as possible and allow it to absorb what it can. After a few hours  brush off the remaining residue with a clean soft cloth.</li> </ul> </section> </label> </section>,,14:04:2014,
S127WAM23501,Printed Leather Wallet - Bottle Cork,http://zovi.com/mens-accessories?misc_ref_code=hp_seo_text,239,ACCESSORIES,mens-wallets,zovi,http://d1n7si5t7mlegv.cloudfront.net/z/prod/w/2/g/p/S127WAM23501/1_c.jpg,239,black,Men,http://zovi.com/printed-leather-wallet-bottle-cork--S127WAM23501,zovi.com,Zovi Printed Leather Wallet - Bottle Cork - Zovi Mens Wallets,Zovi Printed Leather Wallet - Bottle Cork - Zovi Mens Wallets - Free Shipping. Easy Exchange. 30 Days Returns. Cash on Delivery.,['STD'],<section id="product-detail"> <h2 id="product-title">Printed Leather Wallet - Bottle Cork</h2> <p>Black printed leather casual wallet . Slim bifold design. Double bill compartments. Eight Credit card slots. Two slip pockets. </p><b>Material: 100% Genuine leather</b><br>Dimensions - 4.5 X 3.5 inches. <label class="care"> Care Instructions<span class="down-arrow"></span> <section id="washcare"> <ul> <li>Wipe down your entire wallet with anti bacterial disinfectant wipes.</li> <li>Rub down your leather wallet with a leather cleaner on a soft cloth. Make sure to scrub the folds and cracks of your wallet the best that you can.</li> <li>Condition your wallet using the same cloth on a different spot. Apply the leather conditioner liberally and let it soak into the leather.</li> <li>After your wallet has completely dried  replace all of your credit cards  cash  photos  and other papers you may have.</li> </ul> </section> </label> </br></section>,,14:04:2014,
A137BLM00601,Black And Red Singular Stripe Canvas Belt,http://zovi.com/mens-accessories?misc_ref_code=hp_seo_text,299,ACCESSORIES,mens-belts,zovi,http://d1n7si5t7mlegv.cloudfront.net/z/prod/w/2/g/p/A137BLM00601/12_c.jpg,299,black,Men,http://zovi.com/black-and-red-singular-stripe-canvas-belt--A137BLM00601,zovi.com,Zovi Black And Red Singular Stripe Canvas Belt - Zovi Mens Belts,Zovi Black And Red Singular Stripe Canvas Belt - Zovi Mens Belts - Free Shipping. Easy Exchange. 30 Days Returns. Cash on Delivery.,['S'  'M'  'L'],<section id="product-detail"> <h2 id="product-title">Black And Red Singular Stripe Canvas Belt</h2> <p>Lock your pants into tight  fashion mode with a unique canvas casual belt. This canvas webbing belt features a navy singular stripe on red with an antique finish metal buckle and a leather tipping. This casual belt can transform your simplest of looks  to the trendiest  when worn with a plain tee and jeans.</p> Antique Finish Metal Buckle<br><br>Width : 40 mm. <label class="care"> Care Instructions<span class="down-arrow"></span> <section id="washcare"> <ul> <li>Remove dirt or spills from your leather belt promptly. To remove dust or dirt  brush the belt gently with a soft-bristled tooth brush or shoe brush.</li> <li>Soak up spills on the belt with a clean  absorbent cloth. Use a damp cloth if spills are anything other than water. Dry the belt immediately with a dry cloth.</li> <li>Let the belt hang dry (straight down  with the buckle attached to a hook on the wall or in a closet) before you wear it again.</li> <li>Use leather lotion every three months or more frequently if you wear the same belt every day</li> </ul> </section> </label> </br></br></section>,,14:04:2014,
S147WAM01703,Brown With Black Texture Leather Wallet,http://zovi.com/mens-accessories?misc_ref_code=hp_seo_text,399,ACCESSORIES,mens-wallets,zovi,http://d1n7si5t7mlegv.cloudfront.net/z/prod/w/2/g/p/S147WAM01703/1_c.jpg,399,brown,Men,http://zovi.com/brown-with-black-texture-leather-wallet--S147WAM01703,zovi.com,Zovi Brown With Black Texture Leather Wallet - Zovi Mens Wallets,Zovi Brown With Black Texture Leather Wallet - Zovi Mens Wallets - Free Shipping. Easy Exchange. 30 Days Returns. Cash on Delivery.,['STD'],<section id="product-detail"> <h2 id="product-title">Brown With Black Texture Leather Wallet</h2> <p>Success and power needs to be well maintained and here is a wallet that is worthy of these traits. This semi-formal wallet is in brown with black texture. This wallet is designed with multiple compartments to accomodate cash bills  cards and coins. </p> <b>Material : Outer - Genuine Leather</b><br>Dimensions (Bi-fold): 4.8 X 4 inches. <label class="care"> Care Instructions<span class="down-arrow"></span> <section id="washcare"> <ul> <li>Wipe down your entire wallet with anti bacterial disinfectant wipes.</li> <li>Rub down your leather wallet with a leather cleaner on a soft cloth. Make sure to scrub the folds and cracks of your wallet the best that you can.</li> <li>Condition your wallet using the same cloth on a different spot. Apply the leather conditioner liberally and let it soak into the leather.</li> <li>After your wallet has completely dried  replace all of your credit cards  cash  photos  and other papers you may have.</li> </ul> </section> </label> </br></section>,,14:04:2014,
A137WAM00901,Prism Printed Wallet,http://zovi.com/mens-accessories?misc_ref_code=hp_seo_text,314,ACCESSORIES,mens-wallets,zovi,http://d2zfu6byxx4psc.cloudfront.net/z/prod/w/2/g/p/A137WAM00901/1_c.jpg,314,multicolor,Men,http://zovi.com/prism-printed-wallet--A137WAM00901,zovi.com,Zovi Prism Printed Wallet - Zovi Mens Wallets,Zovi Prism Printed Wallet - Zovi Mens Wallets - Free Shipping. Easy Exchange. 30 Days Returns. Cash on Delivery.,['STD'],<section id="product-detail"> <h2 id="product-title">Prism Printed Wallet</h2> <p>An ultra-modern prismatic men's wallet. This semi-formal wallet is printed with a prism on one end  that blows up into coloufrul birds on the other end. This wallet is designed with multiple compartments to accomodate cash bills  cards and coins. </p> <b>Material : Outer - Printed Upper Canvas and Inside - Leather</b><br>Dimensions (Bi-fold): 4.8 X 4 inches. <label class="care"> Care Instructions<span class="down-arrow"></span> <section id="washcare"> <ul> <li>Wipe down your entire wallet with anti bacterial disinfectant wipes.</li> <li>Rub down your leather wallet with a leather cleaner on a soft cloth. Make sure to scrub the folds and cracks of your wallet the best that you can.</li> <li>Condition your wallet using the same cloth on a different spot. Apply the leather conditioner liberally and let it soak into the leather.</li> <li>After your wallet has completely dried  replace all of your credit cards  cash  photos  and other papers you may have.</li> </ul> </section> </label> </br></section>,,14:04:2014,
A137BLM00401,Black Cross Weaving Canvas Casual Belt,http://zovi.com/mens-accessories?misc_ref_code=hp_seo_text,299,ACCESSORIES,mens-belts,zovi,http://d1n7si5t7mlegv.cloudfront.net/z/prod/w/2/g/p/A137BLM00401/12_c.jpg,299,black,Men,http://zovi.com/black-cross-weaving-canvas-casual-belt--A137BLM00401,zovi.com,Zovi Black Cross Weaving Canvas Casual Belt - Zovi Mens Belts,Zovi Black Cross Weaving Canvas Casual Belt - Zovi Mens Belts - Free Shipping. Easy Exchange. 30 Days Returns. Cash on Delivery.,['M'  'L'],<section id="product-detail"> <h2 id="product-title">Black Cross Weaving Canvas Casual Belt</h2> <p>Lock your pants into tight  fashion mode with a unique canvas casual belt. This canvas cross woven canvas belt in black features an antique finish metal buckle and a leather tipping. This casual belt can transform your simplest of looks  to the trendiest  when worn with a plain tee and jeans.</p> Antique Finish Metal Buckle<br><br>Width : 40 mm. <label class="care"> Care Instructions<span class="down-arrow"></span> <section id="washcare"> <ul> <li>Remove dirt or spills from your leather belt promptly. To remove dust or dirt  brush the belt gently with a soft-bristled tooth brush or shoe brush.</li> <li>Soak up spills on the belt with a clean  absorbent cloth. Use a damp cloth if spills are anything other than water. Dry the belt immediately with a dry cloth.</li> <li>Let the belt hang dry (straight down  with the buckle attached to a hook on the wall or in a closet) before you wear it again.</li> <li>Use leather lotion every three months or more frequently if you wear the same belt every day</li> </ul> </section> </label> </br></br></section>,,14:04:2014,
S147WAM01903,Rust Textured Leather Wallet With Two Cash Bill Compartments,http://zovi.com/mens-accessories?misc_ref_code=hp_seo_text,399,ACCESSORIES,mens-wallets,zovi,http://d1yvqnuw46gd8y.cloudfront.net/z/prod/w/2/g/p/S147WAM01903/1_c.jpg,399,brown,Men,http://zovi.com/rust-textured-leather-wallet-with-two-cash-bill-compartments--S147WAM01903,zovi.com,Zovi Rust Textured Leather Wallet With Two Cash Bill Compartments - Zovi Mens Wallets,Zovi Rust Textured Leather Wallet With Two Cash Bill Compartments - Zovi Mens Wallets - Free Shipping. Easy Exchange. 30 Days Returns. Cash on Delivery.,['STD'],<section id="product-detail"> <h2 id="product-title">Rust Textured Leather Wallet With Two Cash Bill Compartments</h2> <p>Success and power needs to be well maintained and here is a wallet that is worthy of these traits. This semi-formal wallet in complete textured rust has two cash bill compartments. This wallet is designed with multiple compartments to accomodate cash bills  cards and coins. </p> <b>Material : Outer - Genuine Leather</b><br>Dimensions (Bi-fold): 4.8 X 4 inches. <label class="care"> Care Instructions<span class="down-arrow"></span> <section id="washcare"> <ul> <li>Wipe down your entire wallet with anti bacterial disinfectant wipes.</li> <li>Rub down your leather wallet with a leather cleaner on a soft cloth. Make sure to scrub the folds and cracks of your wallet the best that you can.</li> <li>Condition your wallet using the same cloth on a different spot. Apply the leather conditioner liberally and let it soak into the leather.</li> <li>After your wallet has completely dried  replace all of your credit cards  cash  photos  and other papers you may have.</li> </ul> </section> </label> </br></section>,,14:04:2014,
S147WAM01801,Black With Brown Strip Leather Wallet,http://zovi.com/mens-accessories?misc_ref_code=hp_seo_text,399,ACCESSORIES,mens-wallets,zovi,http://d1n7si5t7mlegv.cloudfront.net/z/prod/w/2/g/p/S147WAM01801/1_c.jpg,399,black,Men,http://zovi.com/black-with-brown-strip-leather-wallet--S147WAM01801,zovi.com,Zovi Black With Brown Strip Leather Wallet - Zovi Mens Wallets,Zovi Black With Brown Strip Leather Wallet - Zovi Mens Wallets - Free Shipping. Easy Exchange. 30 Days Returns. Cash on Delivery.,['STD'],<section id="product-detail"> <h2 id="product-title">Black With Brown Strip Leather Wallet</h2> <p>Success and power needs to be well maintained and here is a wallet that is worthy of these traits. This semi-formal wallet is in black with a brown strip. This wallet is designed with multiple compartments to accomodate cash bills  cards and coins. </p> <b>Material : Outer - Genuine Leather</b><br>Dimensions (Bi-fold): 4.8 X 4 inches. <label class="care"> Care Instructions<span class="down-arrow"></span> <section id="washcare"> <ul> <li>Wipe down your entire wallet with anti bacterial disinfectant wipes.</li> <li>Rub down your leather wallet with a leather cleaner on a soft cloth. Make sure to scrub the folds and cracks of your wallet the best that you can.</li> <li>Condition your wallet using the same cloth on a different spot. Apply the leather conditioner liberally and let it soak into the leather.</li> <li>After your wallet has completely dried  replace all of your credit cards  cash  photos  and other papers you may have.</li> </ul> </section> </label> </br></section>,,14:04:2014,
S147WAM01602,Seal Brown Leather Wallet With Flap And Snap Button,http://zovi.com/mens-accessories?misc_ref_code=hp_seo_text,399,ACCESSORIES,mens-wallets,zovi,http://d1yvqnuw46gd8y.cloudfront.net/z/prod/w/2/g/p/S147WAM01602/1_c.jpg,399,brown,Men,http://zovi.com/seal-brown-leather-wallet-with-flap-and-snap-button--S147WAM01602,zovi.com,Zovi Seal Brown Leather Wallet With Flap And Snap Button - Zovi Mens Wallets,Zovi Seal Brown Leather Wallet With Flap And Snap Button - Zovi Mens Wallets - Free Shipping. Easy Exchange. 30 Days Returns. Cash on Delivery.,['STD'],<section id="product-detail"> <h2 id="product-title">Seal Brown Leather Wallet With Flap And Snap Button</h2> <p>Success and power needs to be well maintained and here is a wallet that is worthy of these traits. This semi-formal wallet in complete seal brown has a flap with a snap button on the outer to the secure the wallet. This wallet is designed with multiple compartments to accomodate cash bills  cards and coins. </p> <b>Material : Outer - Genuine Leather</b><br>Dimensions (Bi-fold): 4.8 X 4 inches. <label class="care"> Care Instructions<span class="down-arrow"></span> <section id="washcare"> <ul> <li>Wipe down your entire wallet with anti bacterial disinfectant wipes.</li> <li>Rub down your leather wallet with a leather cleaner on a soft cloth. Make sure to scrub the folds and cracks of your wallet the best that you can.</li> <li>Condition your wallet using the same cloth on a different spot. Apply the leather conditioner liberally and let it soak into the leather.</li> <li>After your wallet has completely dried  replace all of your credit cards  cash  photos  and other papers you may have.</li> </ul> </section> </label> </br></section>,,14:04:2014,
S147WAM01803,Brown With Black Strip Leather Wallet,http://zovi.com/mens-accessories?misc_ref_code=hp_seo_text,399,ACCESSORIES,mens-wallets,zovi,http://d1yvqnuw46gd8y.cloudfront.net/z/prod/w/2/g/p/S147WAM01803/1_c.jpg,399,brown,Men,http://zovi.com/brown-with-black-strip-leather-wallet--S147WAM01803,zovi.com,Zovi Brown With Black Strip Leather Wallet - Zovi Mens Wallets,Zovi Brown With Black Strip Leather Wallet - Zovi Mens Wallets - Free Shipping. Easy Exchange. 30 Days Returns. Cash on Delivery.,['STD'],<section id="product-detail"> <h2 id="product-title">Brown With Black Strip Leather Wallet</h2> <p>Success and power needs to be well maintained and here is a wallet that is worthy of these traits. This semi-formal wallet is in brown with a black strip. This wallet is designed with multiple compartments to accomodate cash bills  cards and coins. </p> <b>Material : Outer - Genuine Leather</b><br>Dimensions (Bi-fold): 4.8 X 4 inches. <label class="care"> Care Instructions<span class="down-arrow"></span> <section id="washcare"> <ul> <li>Wipe down your entire wallet with anti bacterial disinfectant wipes.</li> <li>Rub down your leather wallet with a leather cleaner on a soft cloth. Make sure to scrub the folds and cracks of your wallet the best that you can.</li> <li>Condition your wallet using the same cloth on a different spot. Apply the leather conditioner liberally and let it soak into the leather.</li> <li>After your wallet has completely dried  replace all of your credit cards  cash  photos  and other papers you may have.</li> </ul> </section> </label> </br></section>,,14:04:2014,
S127BLM43201,Blue Stripe Webbing Canvas Belt,http://zovi.com/mens-accessories?misc_ref_code=hp_seo_text,297,ACCESSORIES,mens-belts,zovi,http://d1yvqnuw46gd8y.cloudfront.net/z/prod/w/2/g/p/S127BLM43201/16_c.jpg,297,blue,Men,http://zovi.com/blue-stripe-webbing-canvas-belt--S127BLM43201,zovi.com,Zovi Blue Stripe Webbing Canvas Belt - Zovi Mens Belts,Zovi Blue Stripe Webbing Canvas Belt - Zovi Mens Belts - Free Shipping. Easy Exchange. 30 Days Returns. Cash on Delivery.,['S'],<section id="product-detail"> <h2 id="product-title">Blue Stripe Webbing Canvas Belt</h2> <p>A casual blue stripe canvas belt for men. The canvas webbing belt features stylish multi-coloured stripe and antique silver finish clasp buckle. The canvas casual belt styles perfectly with knee length shorts and non lace canvas shoes.</p>Polyester Webbing Iron Buckle in Antique Silver Finish<br><b> Vintage Dull Finish of the buckle is the intrinsic design quality of this Belt</b><br>Width : 40 mm. <label class="care"> Care Instructions<span class="down-arrow"></span> <section id="washcare"> <ul> <li>Remove dirt or spills from your leather belt promptly. To remove dust or dirt  brush the belt gently with a soft-bristled tooth brush or shoe brush.</li> <li>Soak up spills on the belt with a clean  absorbent cloth. Use a damp cloth if spills are anything other than water. Dry the belt immediately with a dry cloth.</li> <li>Let the belt hang dry (straight down  with the buckle attached to a hook on the wall or in a closet) before you wear it again.</li> <li>Use leather lotion every three months or more frequently if you wear the same belt every day</li> </ul> </section> </label> </br></br></section>,,14:04:2014,
A137BLM01901,Formal Reversible Black And Brown Leather Belt With Stylized Silver Buckle,http://zovi.com/mens-accessories?misc_ref_code=hp_seo_text,499,ACCESSORIES,mens-belts,zovi,http://d1yvqnuw46gd8y.cloudfront.net/z/prod/w/2/g/p/A137BLM01901/10_c.jpg,499,black,Men,http://zovi.com/formal-reversible-black-and-brown-leather-belt-with-stylized-silver-buckle--A137BLM01901,zovi.com,Zovi Formal Reversible Black And Brown Leather Belt With Stylized Silver Buckle - Zovi Mens Belts,Zovi Formal Reversible Black And Brown Leather Belt With Stylized Silver Buckle - Zovi Mens Belts - Free Shipping. Easy Exchange. 30 Days Returns. Cash on Delivery.,['M'],<section id="product-detail"> <h2 id="product-title">Formal Reversible Black And Brown Leather Belt With Stylized Silver Buckle</h2> <p>Don an irresistible formal look with a belt that can be worn both ways and do wonders to your overall look. This black and brown reversible leather belt can be worn either way and has a stylized silver polished metal buckle.</p>Material - Genuine Leather<br>Width : 35 mm. <label class="care"> Care Instructions<span class="down-arrow"></span> <section id="washcare"> <ul> <li>Remove dirt or spills from your leather belt promptly. To remove dust or dirt  brush the belt gently with a soft-bristled tooth brush or shoe brush.</li> <li>Soak up spills on the belt with a clean  absorbent cloth. Use a damp cloth if spills are anything other than water. Dry the belt immediately with a dry cloth.</li> <li>Let the belt hang dry (straight down  with the buckle attached to a hook on the wall or in a closet) before you wear it again.</li> <li>Use leather lotion every three months or more frequently if you wear the same belt every day</li> </ul> </section> </label> </br></section>,,14:04:2014,
